SentenceID,Token,Label
1,Diabetes,B-DISEASE
1,mellitus,I-DISEASE
1,adalah,O
1,penyakit,O
1,metabolisme,O
1,yang,O
1,ditandai,O
1,dengan,O
1,tingginya,O
1,kadar,O
1,glukosa,B-COMPOUND
1,di,O
1,dalam,O
1,darah,B-BODY_PART
1,.,O
2,Indonesia,O
2,menduduki,O
2,peringkat,O
2,ke,O
2,-,O
2,4,O
2,penderita,B-POPULATION
2,diabetes,I-POPULATION
2,mellitus,I-POPULATION
2,di,O
2,dunia,O
2,setelah,O
2,Amerika,O
2,Serikat,O
2,",",O
2,India,O
2,dan,O
2,China,O
2,.,O
3,Banyak,O
3,tumbuhan,O
3,yang,O
3,dapat,O
3,dijadikan,O
3,alternative,O
3,sebagai,O
3,obat,O
3,diabetes,B-DISEASE
3,",",O
3,salah,O
3,satunya,O
3,adalah,O
3,temulawak,B-HERB
3,(,O
3,Curcuma,B-HERB
3,xanthorrhiza,I-HERB
3,Roxb,I-HERB
3,),O
3,.,O
4,Penelitian,O
4,ini,O
4,bertujuan,O
4,untuk,O
4,mengetahui,O
4,efektivitas,O
4,ektrak,O
4,etanol,B-COMPOUND
4,rimpang,B-HERB
4,temulawak,I-HERB
4,terhadap,O
4,penurunan,B-EFFECT
4,kadar,I-EFFECT
4,gllukosa,I-EFFECT
4,darah,I-EFFECT
4,dan,O
4,kadar,O
4,yang,O
4,paling,O
4,efektif,O
4,dalam,O
4,menurunkan,B-EFFECT
4,kadar,I-EFFECT
4,glukosa,I-EFFECT
4,darah,I-EFFECT
4,.,O
5,Jenis,O
5,penelitian,O
5,yang,O
5,digunakan,O
5,adalah,O
5,penelitian,B-METHOD
5,eksperimental,I-METHOD
5,",",O
5,dimana,O
5,hewan,B-POPULATION
5,uji,I-POPULATION
5,yang,O
5,digunakan,O
5,adalah,O
5,18,O
5,ekor,O
5,mencit,B-POPULATION
5,",",O
5,yang,O
5,terbagi,O
5,dalam,O
5,6,O
5,kelompok,O
5,dan,O
5,masing,O
5,masing,O
5,kelompok,O
5,terdiri,O
5,dari,O
5,3,O
5,ekor,O
5,mencit,B-POPULATION
5,.,O
6,Kelompok,O
6,1,O
6,diberikan,O
6,aquadest,O
6,",",O
6,kelompok,O
6,2,O
6,diberikan,O
6,CMC,O
6,"0,5%",O
6,",",O
6,kelompok,O
6,3,O
6,diberikan,O
6,suspensi,O
6,metformin,B-COMPOUND
6,65,O
6,mg,O
6,/,O
6,Kg,O
6,BB,O
6,",",O
6,kelompok,O
6,4,O
6,diberikan,O
6,ekstrak,B-TREATMENT
6,etanol,I-TREATMENT
6,rimpang,B-HERB
6,temulawak,I-HERB
6,dosis,O
6,"0,5",O
6,g,O
6,/,O
6,Kg,O
6,BB,O
6,",",O
6,kelompok,O
6,5,O
6,diberikan,O
6,ekstrak,B-TREATMENT
6,etanol,I-TREATMENT
6,rimpang,B-HERB
6,temulawak,I-HERB
6,dosis,O
6,1,O
6,g,O
6,/,O
6,Kg,O
6,BB,O
6,",",O
6,kelompok,O
6,6,O
6,diberikan,O
6,ekstrak,B-TREATMENT
6,etanol,I-TREATMENT
6,rimpang,B-HERB
6,temulawak,I-HERB
6,dosis,O
6,2,O
6,g,O
6,/,O
6,Kg,O
6,BB,O
6,.,O
7,Kadar,B-DISEASE
7,glukosa,B-COMPOUND
7,darah,B-BODY_PART
7,diperiksa,O
7,setiap,O
7,15,O
7,menit,O
7,selama,O
7,2,O
7,jam,O
7,setelah,O
7,pemberian,O
7,glukosa,B-COMPOUND
7,1,O
7,g,O
7,/,O
7,Kg,O
7,BB,O
7,secara,O
7,oral,O
7,.,O
8,Hasil,O
8,dari,O
8,penelitian,O
8,menunjukkan,O
8,penurunan,B-EFFECT
8,kadar,I-EFFECT
8,glukosa,I-EFFECT
8,darah,I-EFFECT
8,yang,O
8,disebabkan,O
8,oleh,O
8,pemberian,B-TREATMENT
8,ekstrak,I-TREATMENT
8,etanol,B-COMPOUND
8,rimpang,B-HERB
8,temulawak,I-HERB
8,dosis,O
8,"0,5",O
8,g,O
8,/,O
8,Kg,O
8,BB,O
8,",",O
8,1,O
8,g,O
8,/,O
8,Kg,O
8,BB,O
8,dan,O
8,2,O
8,g,O
8,/,O
8,Kg,O
8,BB,O
8,.,O
9,Ekstrak,B-TREATMENT
9,etanol,I-TREATMENT
9,rimpang,B-HERB
9,temulawak,I-HERB
9,2,O
9,g,O
9,/,O
9,Kg,O
9,BB,O
9,lebih,O
9,efektif,O
9,dalam,O
9,menurunkan,B-EFFECT
9,kadar,I-EFFECT
9,glukosa,I-EFFECT
9,darah,I-EFFECT
9,daripada,O
9,ekstrak,B-TREATMENT
9,etanol,I-TREATMENT
9,rimpang,B-HERB
9,temulawak,I-HERB
9,dengan,O
9,dosis,O
9,"0,5",O
9,g,O
9,/,O
9,Kg,O
9,BB,O
9,dan,O
9,1,O
9,g,O
9,/,O
9,Kg,O
9,BB,O
9,serta,O
9,mempunyai,O
9,efek,O
9,yang,O
9,hampir,O
9,sama,O
9,dengan,O
9,metformin,B-COMPOUND
10,Xantorizol,B-COMPOUND
10,merupakan,O
10,senyawa,O
10,penciri,O
10,utama,O
10,temulawak,B-HERB
10,(,O
10,Curcuma,B-HERB
10,xanthorrhiza,I-HERB
10,),O
10,.,O
11,Penelitian,O
11,ini,O
11,bertujuan,O
11,menentukan,O
11,metode,B-METHOD
11,ekstraksi,I-METHOD
11,dan,O
11,pemisahan,O
11,optimum,O
11,untuk,O
11,isolasi,O
11,xantorizol,B-COMPOUND
11,dari,O
11,rimpang,B-HERB
11,temulawak,I-HERB
11,.,O
12,Maserasi,B-METHOD
12,dan,O
12,sokletasi,B-METHOD
12,digunakan,O
12,untuk,O
12,mengekstraksi,O
12,xantorizol,B-COMPOUND
12,dengan,O
12,pelarut,O
12,metanol,B-COMPOUND
12,",",O
12,dietil,B-COMPOUND
12,eter,I-COMPOUND
12,",",O
12,dan,O
12,n-heksana,B-COMPOUND
12,.,O
13,Pemisahan,O
13,dilakukan,O
13,dengan,O
13,kromatografi,B-METHOD
13,kolom,I-METHOD
13,dan,O
13,kromatografi,B-METHOD
13,lapis,I-METHOD
13,tipis,I-METHOD
13,(,O
13,KLT,B-METHOD
13,),O
13,preparatif,O
13,dan,O
13,hasil,O
13,pemisahan,O
13,dikarakterisasi,O
13,berdasarkan,O
13,spektrum,O
13,inframerah,O
13,dan,O
13,kromatografi,B-METHOD
13,gas-spektrum,I-METHOD
13,massa,I-METHOD
13,(,O
13,KG-SM,B-METHOD
13,),O
13,",",O
13,sementara,O
13,persentase,O
13,kemurniannya,O
13,ditentukan,O
13,dengan,O
13,kromatografi,B-METHOD
13,cair,I-METHOD
13,kinerja,I-METHOD
13,tinggi,I-METHOD
13,.,O
14,Ekstrak,B-TREATMENT
14,n-heksana,I-TREATMENT
14,dari,O
14,teknik,O
14,maserasi,B-METHOD
14,memiliki,O
14,kandungan,O
14,xantorizol,B-COMPOUND
14,lebih,O
14,tinggi,O
14,dibanding,O
14,ekstrak,B-TREATMENT
14,lainnya,O
14,yaitu,O
14,sebesar,O
14,168,O
14,mg,O
14,/,O
14,g,O
14,sampel,O
14,.,O
15,Fraksi,O
15,ke,O
15,-,O
15,4,O
15,hasil,O
15,pemisahan,O
15,kolom,O
15,terhadap,O
15,ekstrak,B-TREATMENT
15,n-heksana,I-TREATMENT
15,memberikan,O
15,dua,O
15,spot,O
15,pada,O
15,KLT,B-METHOD
15,dengan,O
15,Rf,O
15,0,O
15,.,O
16,54,O
16,dan,O
16,0,O
16,.,O
17,68,O
17,",",O
17,spot,O
17,dengan,O
17,Rf,O
17,0,O
17,.,O
18,54,O
18,diduga,O
18,merupakan,O
18,xantorizol,B-COMPOUND
18,(,O
18,dikonfirmasi,O
18,dengan,O
18,KG-SM,B-METHOD
18,),O
18,.,O
19,Pemurnian,O
19,lebih,O
19,lanjut,O
19,dengan,O
19,KLT,B-METHOD
19,preparatif,I-METHOD
19,terhadap,O
19,fraksi,O
19,ke,O
19,-,O
19,4,O
19,menghasilkan,O
19,xantorizol,B-COMPOUND
19,dengan,O
19,rendemen,O
19,sebesar,O
19,0,O
19,.,O
20,016,O
20,%,O
20,berdasar,O
20,bobot,O
20,sampel,O
20,dan,O
20,tingkat,O
20,kemurnian,O
20,sebesar,O
20,87,O
20,.,O
21,40,O
21,%,O
21,.,O
22,Rimpang,B-HERB
22,temulawak,I-HERB
22,(,O
22,Curcuma,B-HERB
22,xanthorrhiza,I-HERB
22,),O
22,merupakan,O
22,bagian,O
22,tanaman,O
22,yang,O
22,banyak,O
22,dimanfaatkan,O
22,untuk,O
22,pengobatan,B-TREATMENT
22,tradisional,I-TREATMENT
22,.,O
23,Metabolit,O
23,sekunder,O
23,yang,O
23,memberikan,O
23,aktivitas,O
23,farma,O
23,kologisnya,O
23,adalah,O
23,senyawa,O
23,kurkuminoid,B-COMPOUND
23,dan,O
23,xantorizol,B-COMPOUND
23,.,O
24,Penelitian,O
24,ini,O
24,bertujuan,O
24,untuk,O
24,memperoleh,O
24,metode,O
24,analisis,O
24,kurkuminoid,B-COMPOUND
24,dan,O
24,xantorizol,B-COMPOUND
24,yang,O
24,tervalidasi,O
24,",",O
24,cepat,O
24,",",O
24,dan,O
24,sederhana,O
24,.,O
25,Analisis,O
25,dilaku,O
25,kan,O
25,dengan,O
25,menggunakan,O
25,fase,O
25,diam,O
25,berupa,O
25,lempeng,O
25,KLT,B-METHOD
25,silika,O
25,gel,B-TREATMENT
25,60,O
25,GF,O
25,254,O
25,dan,O
25,fase,O
25,gerak,O
25,di,O
25,klorometana-kloroform,O
25,(,O
25,4,O
25,:,O
25,6,O
25,),O
25,.,O
26,Pemindaian,O
26,(,O
26,scanning,O
26,),O
26,densitometrik,O
26,dilakukan,O
26,pada,O
26,224,O
26,nm,O
26,untuk,O
26,xantorizol,B-COMPOUND
26,dan,O
26,425,O
26,nm,O
26,untuk,O
26,kurkuminoid,B-COMPOUND
26,.,O
27,Metode,O
27,menunjukan,O
27,linieritas,O
27,",",O
27,akurasi,O
27,",",O
27,dan,O
27,presisi,O
27,yang,O
27,baik,O
27,",",O
27,dengan,O
27,batas,O
27,deteksi,O
27,kurkuminoid,B-COMPOUND
27,dan,O
27,xantorizol,B-COMPOUND
27,yaitu,O
27,"7,88",O
27,bpj,O
27,dan,O
27,"28,23",O
27,bpj,O
27,dan,O
27,batas,O
27,kuan,O
27,titasi,O
27,kurkuminoid,B-COMPOUND
27,dan,O
27,xantorizol,B-COMPOUND
27,yaitu,O
27,"23,89",O
27,bpj,O
27,dan,O
27,"85,55",O
27,bpj,O
27,.,O
28,Kadar,O
28,kurkuminoid,B-COMPOUND
28,dan,O
28,xantorizol,B-COMPOUND
28,pada,O
28,ekstrak,B-TREATMENT
28,rimpang,B-HERB
28,temulawak,I-HERB
28,adalah,O
28,"4,95",O
28,±,O
28,"0,01",O
28,dan,O
28,"31,30",O
28,±,O
28,"0,09",O
28,mg,O
28,/,O
28,g,O
28,serbuk,B-TREATMENT
28,simplisia,O
28,.,O
29,Penelitian,O
29,ini,O
29,bertujuan,O
29,untuk,O
29,menentukan,O
29,Uji,B-METHOD
29,Daya,I-METHOD
29,Hambat,I-METHOD
29,Rebusan,B-TREATMENT
29,Rimpang,B-HERB
29,Temulawak,I-HERB
29,(,O
29,Curcuma,O
29,xanthorizza,O
29,Roxb,O
29,.,O
29,),O
29,dan,O
29,Asam,O
29,Jawa,O
29,(,O
29,Tamarindus,O
29,Indica,O
29,Linn,O
29,.,O
29,),O
29,Terhadap,O
29,Streptococcus,O
29,Mutans,O
29,yang,O
29,bertujuan,O
29,untuk,O
29,mengetahui,O
29,daya,B-EFFECT
29,hambat,I-EFFECT
29,rebusan,B-TREATMENT
29,Rimpang,B-HERB
29,Temulawak,I-HERB
29,dan,O
29,Asam,O
29,Jawa,O
29,dalam,O
29,menghambat,O
29,Streptococcus,O
29,Mutans,O
29,.,O
30,Sampel,O
30,Temulawak,B-HERB
30,dan,O
30,Asam,O
30,Jawa,O
30,yang,O
30,diperoleh,O
30,dari,O
30,kota,O
30,Kendari,O
30,.,O
31,Kemudian,O
31,dibuat,O
31,rebusan,B-TREATMENT
31,dengan,O
31,konsentari,O
31,Temulawak,B-HERB
31,50%,O
31,dan,O
31,Asam,O
31,Jawa,O
31,50%,O
31,",",O
31,kontrol,O
31,negative,O
31,menggunakan,O
31,aquades,O
31,dan,O
31,kontrol,O
31,positif,O
31,menggunakan,O
31,enkasari,O
31,.,O
32,Pengujian,O
32,dilakukan,O
32,dengan,O
32,mengukur,O
32,zona,O
32,hambatan,O
32,akibat,O
32,pemberian,O
32,sampel,O
32,",",O
32,rata-rata,O
32,yang,O
32,dihasilkan,O
32,dari,O
32,rebusan,B-TREATMENT
32,rimpang,B-HERB
32,Temulawak,I-HERB
32,50%,O
32,adalah,O
32,"10,66",O
32,mm,O
32,",",O
32,untuk,O
32,Asam,O
32,Jawa,O
32,50%,O
32,adalah,O
32,24,O
32,mm,O
32,",",O
32,sedangkan,O
32,pada,O
32,kombinasi,O
32,rebusan,B-TREATMENT
32,Rimpang,B-HERB
32,Temulawak,I-HERB
32,dan,O
32,Asam,O
32,Jawa,O
32,dengan,O
32,perbandingan,O
32,3,O
32,:,O
32,1,O
32,adalah,O
32,"21,33",O
32,mm,O
32,1,O
32,:,O
32,1,O
32,adalah,O
32,"20,66",O
32,mm,O
32,",",O
32,1,O
32,:,O
32,3,O
32,adalah,O
32,"18,66",O
32,mm,O
32,",",O
32,adapun,O
32,pada,O
32,kontrol,O
32,positif,O
32,adalah,O
32,"16,33",O
32,mm,O
32,.,O
33,Hasil,O
33,yang,O
33,diperoleh,O
33,dianalisis,O
33,secara,O
33,statistic,O
33,dengan,O
33,menggunakan,O
33,rancangan,B-METHOD
33,acak,I-METHOD
33,lengkap,I-METHOD
33,dan,O
33,uji,O
33,beda,O
33,nyata,O
33,terkecil,O
33,menunjukan,O
33,adanya,O
33,perbedaan,O
33,Fh,O
33,>,O
33,Ft,O
33,dimana,O
33,nilai,O
33,Fh,O
33,yaitu,O
33,"112,119",O
33,sedangkan,O
33,nilai,O
33,Ft,O
33,yaitu,O
33,"3,18",O
33,pada,O
33,taraf,O
33,"0,05",O
33,.,O
34,Berdasarkan,O
34,hasil,O
34,penelitian,O
34,ini,O
34,",",O
34,maka,O
34,dapat,O
34,disimpulkan,O
34,bahwa,O
34,rebusan,B-TREATMENT
34,Rimpang,B-HERB
34,Temulawak,I-HERB
34,(,O
34,Curcuma,O
34,xanthorizza,O
34,Roxb,O
34,),O
34,dan,O
34,Asam,O
34,Jawa,O
34,(,O
34,Tamarindus,O
34,Indika,O
34,Linn,O
34,),O
34,memiliki,O
34,daya,B-EFFECT
34,hambat,I-EFFECT
34,terhadap,O
34,Streptococcus,O
34,Mutans,O
34,.,O
35,Rimpang,B-HERB
35,temulawak,I-HERB
35,(,O
35,Curcuma,B-HERB
35,xanthorrhiza,I-HERB
35,Roxb,I-HERB
35,.,O
35,),O
35,dikenal,O
35,memiliki,O
35,banyak,O
35,manfaat,O
35,untuk,O
35,kesehatan,O
35,sebagai,O
35,antibakteri,B-EFFECT
35,",",O
35,antiinfl,O
35,amasi,O
35,",",O
35,antidiabetes,B-EFFECT
35,dan,O
35,antikanker,B-EFFECT
35,.,O
36,Tujuan,O
36,dari,O
36,penelitian,O
36,ini,O
36,untuk,O
36,membandingkan,O
36,aktivitas,O
36,antiinfl,O
36,amasi,O
36,dari,O
36,ekstrak,B-TREATMENT
36,rimpang,B-HERB
36,temulawak,I-HERB
36,dengan,O
36,nanopartikelnya,O
36,.,O
37,Ekstrak,B-TREATMENT
37,rimpang,B-HERB
37,temulawak,I-HERB
37,dibuat,O
37,dengan,O
37,maserasi,B-METHOD
37,yang,O
37,menggunakan,O
37,pelarut,O
37,etanol,B-COMPOUND
37,96%,O
37,(,O
37,v,O
37,/,O
37,v,O
37,),O
37,.,O
38,Ekstrak,B-TREATMENT
38,dibuat,O
38,menjadi,O
38,nanopartikel,B-TREATMENT
38,dengan,O
38,metode,O
38,gelasi,O
38,ionik,O
38,dimana,O
38,menggunakan,O
38,kitosan,O
38,dan,O
38,tripolifosfat,O
38,.,O
39,Uji,O
39,antiinfl,O
39,amasi,O
39,in,B-METHOD
39,vitro,I-METHOD
39,dilakukan,O
39,dengan,O
39,metode,B-METHOD
39,penghambatan,I-METHOD
39,denaturasi,I-METHOD
39,protein,I-METHOD
39,.,O
40,Hasil,O
40,uji,O
40,aktivitas,O
40,antiinfl,O
40,amasi,O
40,dengan,O
40,menggunakan,O
40,metode,B-METHOD
40,penghambatan,I-METHOD
40,denaturasi,I-METHOD
40,protein,I-METHOD
40,pada,O
40,ekstrak,B-TREATMENT
40,dan,O
40,nanopartikel,B-TREATMENT
40,ektrak,O
40,rimpang,B-HERB
40,temulawak,I-HERB
40,menunjukkan,O
40,bahwa,O
40,ekstrak,B-TREATMENT
40,memiliki,O
40,aktivitas,O
40,antiinfl,O
40,amasi,O
40,.,O
41,Hasil,O
41,menunjukkan,O
41,nilai,O
41,rata-rata,O
41,penghambatan,B-METHOD
41,denaturasi,I-METHOD
41,protein,I-METHOD
41,(,O
41,IC,O
41,50,O
41,),O
41,dari,O
41,ektrak,O
41,"521,67",O
41,±,O
41,"5,80",O
41,bpj,O
41,sedangkan,O
41,nilai,O
41,IC,O
41,50,O
41,dari,O
41,nanopartikel,B-TREATMENT
41,ektrak,O
41,rimpang,B-HERB
41,temulawak,I-HERB
41,yang,O
41,diuji,O
41,yaitu,O
41,"398,02",O
41,±,O
41,"1,78",O
41,bpj,O
41,.,O
42,Sehingga,O
42,hasilnya,O
42,menunjukkan,O
42,bahwa,O
42,aktivitas,O
42,antiinfl,O
42,amasi,O
42,nanopartikel,B-TREATMENT
42,ekstrak,B-TREATMENT
42,rimpang,B-HERB
42,temulawak,I-HERB
42,lebih,O
42,baik,O
42,daripada,O
42,ekstrak,B-TREATMENT
42,rimpang,B-HERB
42,temulawak,I-HERB
43,Hipertensi,B-DISEASE
43,merupakan,O
43,faktor,O
43,risiko,O
43,utama,O
43,penyakit,B-DISEASE
43,kardiovaskular,I-DISEASE
43,yang,O
43,meningkat,O
43,di,O
43,Indonesia,O
43,",",O
43,terutama,O
43,pada,O
43,populasi,O
43,lansia,B-POPULATION
43,.,O
44,Penggunaan,O
44,jus,B-TREATMENT
44,mengkudu,B-HERB
44,(,O
44,Morinda,B-HERB
44,citrifolia,I-HERB
44,),O
44,sebagai,O
44,terapi,O
44,alami,O
44,telah,O
44,dipelajari,O
44,karena,O
44,kandungan,O
44,bioaktifnya,O
44,",",O
44,seperti,O
44,scopoletin,B-COMPOUND
44,dan,O
44,xeronin,O
44,",",O
44,yang,O
44,diduga,O
44,memiliki,O
44,efek,O
44,vasodilatasi,O
44,dan,O
44,diuretik,O
44,",",O
44,sehingga,O
44,berpotensi,O
44,menurunkan,B-EFFECT
44,tekanan,I-EFFECT
44,darah,I-EFFECT
44,.,O
45,Penelitian,O
45,ini,O
45,bertujuan,O
45,untuk,O
45,meninjau,O
45,efektivitas,O
45,jus,B-TREATMENT
45,mengkudu,B-HERB
45,dalam,O
45,mengontrol,B-EFFECT
45,tekanan,I-EFFECT
45,darah,I-EFFECT
45,pada,O
45,penderita,B-POPULATION
45,hipertensi,I-POPULATION
45,melalui,O
45,kajian,O
45,literatur,O
45,.,O
46,Metode,O
46,yang,O
46,digunakan,O
46,adalah,O
46,tinjauan,O
46,literatur,O
46,sistematis,O
46,dengan,O
46,pencarian,O
46,pada,O
46,database,O
46,PubMed,B-METHOD
46,",",O
46,ScienceDirect,O
46,",",O
46,dan,O
46,Google,B-METHOD
46,Scholar,I-METHOD
46,untuk,O
46,artikel,O
46,yang,O
46,relevan,O
46,antara,O
46,tahun,O
46,2019,O
46,hingga,O
46,2024,O
46,.,O
47,Kriteria,O
47,inklusi,O
47,mencakup,O
47,penelitian,O
47,yang,O
47,mengkaji,O
47,efek,O
47,jus,B-TREATMENT
47,mengkudu,B-HERB
47,pada,O
47,tekanan,O
47,darah,B-BODY_PART
47,manusia,B-POPULATION
47,.,O
48,Hasil,O
48,kajian,O
48,menunjukkan,O
48,bahwa,O
48,jus,B-TREATMENT
48,mengkudu,B-HERB
48,menurunkan,B-EFFECT
48,tekanan,I-EFFECT
48,darah,I-EFFECT
48,sistolik,O
48,dan,O
48,diastolik,O
48,secara,O
48,signifikan,O
48,",",O
48,terutama,O
48,pada,O
48,lansia,B-POPULATION
48,.,O
49,Beberapa,O
49,penelitian,O
49,menunjukkan,O
49,peningkatan,O
49,produksi,O
49,oksida,O
49,nitrat,O
49,setelah,O
49,konsumsi,O
49,jus,B-TREATMENT
49,mengkudu,B-HERB
49,",",O
49,yang,O
49,berperan,O
49,dalam,O
49,relaksasi,O
49,pembuluh,O
49,darah,B-BODY_PART
49,.,O
50,Studi,O
50,juga,O
50,menunjukkan,O
50,bahwa,O
50,kombinasi,O
50,jus,B-TREATMENT
50,mengkudu,B-HERB
50,dan,O
50,mentimun,O
50,dapat,O
50,memberikan,O
50,efek,O
50,tambahan,O
50,dalam,O
50,mengontrol,B-EFFECT
50,tekanan,I-EFFECT
50,darah,I-EFFECT
50,.,O
51,Pembahasan,O
51,menyimpulkan,O
51,bahwa,O
51,jus,B-TREATMENT
51,mengkudu,B-HERB
51,efektif,O
51,sebagai,O
51,terapi,O
51,tambahan,O
51,untuk,O
51,hipertensi,B-DISEASE
51,melalui,O
51,mekanisme,O
51,vasodilatasi,O
51,dan,O
51,penghambatan,O
51,enzim,O
51,angiotensin-converting,O
51,enzyme,O
51,(,O
51,ACE,O
51,),O
51,",",O
51,memberikan,O
51,alternatif,O
51,yang,O
51,aman,O
51,bagi,O
51,pengelolaan,O
51,hipertensi,B-DISEASE
51,.,O
52,Kesimpulannya,O
52,",",O
52,jus,B-TREATMENT
52,mengkudu,B-HERB
52,menunjukkan,O
52,potensi,O
52,besar,O
52,sebagai,O
52,terapi,O
52,pendukung,O
52,yang,O
52,alami,O
52,dan,O
52,efektif,O
52,untuk,O
52,menurunkan,B-EFFECT
52,tekanan,I-EFFECT
52,darah,I-EFFECT
52,.,O
53,Penelitian,O
53,lebih,O
53,lanjut,O
53,diperlukan,O
53,untuk,O
53,memahami,O
53,dosis,O
53,optimal,O
53,dan,O
53,efek,O
53,jangka,O
53,panjang,O
53,dari,O
53,jus,B-TREATMENT
53,mengkudu,B-HERB
53,pada,O
53,populasi,O
53,yang,O
53,lebih,O
53,luas,O
53,.,O
54,Karies,B-DISEASE
54,gigi,I-DISEASE
54,merupakan,O
54,penyakit,O
54,jaringan,B-BODY_PART
54,keras,O
54,gigi,B-BODY_PART
54,yang,O
54,sampai,O
54,saat,O
54,ini,O
54,belum,O
54,dapat,O
54,disembuhkan,O
54,.,O
55,Namun,O
55,",",O
55,proses,O
55,perburukan,O
55,akibat,O
55,penyakit,O
55,ini,O
55,bisa,O
55,diantisipasi,O
55,dengan,O
55,menambal,O
55,atau,O
55,menghilangkannya,O
55,.,O
56,Upaya,O
56,pencegahan,O
56,terhadap,O
56,penyakit,O
56,ini,O
56,harus,O
56,dapat,O
56,mengintervensi,O
56,setidaknya,O
56,salah,O
56,satu,O
56,faktor,O
56,penyebab,O
56,karies,B-DISEASE
56,",",O
56,salah,O
56,satunya,O
56,adalah,O
56,Lactobacillus,O
56,acidophilus,O
56,.,O
57,Buah,B-HERB
57,mengkudu,I-HERB
57,(,O
57,Morinda,B-HERB
57,citrofolia,I-HERB
57,L,I-HERB
57,.,O
57,),O
57,yang,O
57,merupakan,O
57,tanaman,O
57,endemik,O
57,di,O
57,Indonesia,O
57,termasuk,O
57,Sumatera,O
57,Selatan,O
57,",",O
57,mengandung,O
57,scopoletin,B-COMPOUND
57,yang,O
57,bersifat,O
57,bakteriostatik,O
57,terhadap,O
57,Lactobacillus,O
57,dan,O
57,dapat,O
57,mencegah,O
57,perlekatan,O
57,Lactobacillus,O
57,acidophilus,O
57,pada,O
57,pelikel,O
57,yang,O
57,didapat,O
57,pada,O
57,permukaan,O
57,gigi,B-BODY_PART
57,sehingga,O
57,mengurangi,O
57,resiko,O
57,penyakit,O
57,gigi,B-BODY_PART
57,.,O
58,karies,B-DISEASE
58,.,O
59,Tujuan,O
59,:,O
59,Untuk,O
59,mengetahui,O
59,daya,B-EFFECT
59,hambat,I-EFFECT
59,ekstrak,B-TREATMENT
59,mengkudu,B-HERB
59,(,O
59,Morinda,B-HERB
59,citrofolia,I-HERB
59,L,I-HERB
59,.,O
59,),O
59,terhadap,O
59,Lactobacillus,O
59,acidophilus,O
59,.,O
60,Metode,O
60,:,O
60,Penelitian,O
60,ini,O
60,merupakan,O
60,penelitian,O
60,eksperimen,O
60,dengan,O
60,rancangan,O
60,post,O
60,test-only,O
60,control,O
60,group,O
60,design,O
60,.,O
61,Ekstrak,B-TREATMENT
61,mengkudu,B-HERB
61,pada,O
61,konsentrasi,O
61,20%,O
61,",",O
61,40%,O
61,",",O
61,dan,O
61,80%,O
61,diuji,O
61,daya,O
61,hambatnya,O
61,terhadap,O
61,pertumbuhan,O
61,Lactobacillus,O
61,acidophilus,O
61,pada,O
61,media,O
61,agar,O
61,de,O
61,Man,O
61,Rogosa,O
61,Sharpe,O
61,(,O
61,MRS,O
61,),O
61,dengan,O
61,yodium,O
61,1%,O
61,sebagai,O
61,kontrol,O
61,positif,O
61,dan,O
61,alkohol,O
61,70%,O
61,sebagai,O
61,kontrol,O
61,negatif,O
61,.,O
62,kontrol,O
62,.,O
63,Data,O
63,dianalisis,O
63,menggunakan,O
63,uji,O
63,One-Way,O
63,Anova,B-METHOD
63,.,O
64,Hasil,O
64,:,O
64,Ekstrak,B-TREATMENT
64,mengkudu,B-HERB
64,pada,O
64,konsentrasi,O
64,20%,O
64,",",O
64,40%,O
64,",",O
64,dan,O
64,80%,O
64,efektif,O
64,menghambat,B-EFFECT
64,pertumbuhan,I-EFFECT
64,Lactobacillus,O
64,acidophilus,O
64,dengan,O
64,rata-rata,O
64,zona,O
64,hambat,O
64,masing-masing,O
64,"7,2",O
64,mm,O
64,",",O
64,"8,3",O
64,mm,O
64,",",O
64,dan,O
64,"11,2",O
64,mm,O
64,.,O
65,Ekstrak,B-TREATMENT
65,mengkudu,B-HERB
65,80%,O
65,bahkan,O
65,lebih,O
65,efektif,O
65,menghambat,B-EFFECT
65,pertumbuhan,I-EFFECT
65,Lactobacillus,O
65,acidophilus,O
65,dibandingkan,O
65,kontrol,O
65,positif,O
65,.,O
66,Simpulan,O
66,:,O
66,Ekstrak,B-TREATMENT
66,mengkudu,B-HERB
66,pada,O
66,konsentrasi,O
66,20%,O
66,",",O
66,40%,O
66,",",O
66,dan,O
66,80%,O
66,efektif,O
66,menghambat,B-EFFECT
66,pertumbuhan,I-EFFECT
66,Lactobacillus,O
66,acidophilus,O
66,.,O
67,Secara,O
67,empiris,O
67,maupun,O
67,hasil,O
67,penelitian,O
67,medis,O
67,membuktikan,O
67,bahwa,O
67,kandungan,O
67,senyawa,O
67,kimia,O
67,yang,O
67,terdapat,O
67,dalam,O
67,tanaman,O
67,mengkudu,B-HERB
67,bermanfaat,O
67,bagi,O
67,kesehatan,O
67,.,O
68,Hasil,O
68,penelitian,O
68,terdahulu,O
68,melaporkan,O
68,bahwa,O
68,ekstrak,B-TREATMENT
68,buah,B-HERB
68,mengkudu,I-HERB
68,memiliki,O
68,efek,O
68,dalam,O
68,menurunkan,B-EFFECT
68,kadar,I-EFFECT
68,glukosa,I-EFFECT
68,darah,I-EFFECT
68,.,O
69,Tujuan,O
69,penelitian,O
69,ini,O
69,adalah,O
69,untuk,O
69,mengetahui,O
69,efektivitas,O
69,pemberian,O
69,kapsul,B-TREATMENT
69,ekstrak,I-TREATMENT
69,buah,B-HERB
69,mengkudu,I-HERB
69,(,O
69,Morinda,B-HERB
69,citrofolia,I-HERB
69,L,I-HERB
69,.,O
69,),O
69,dalam,O
69,menurunkan,B-EFFECT
69,kadar,I-EFFECT
69,glukosa,I-EFFECT
69,darah,I-EFFECT
69,mencit,B-POPULATION
69,(,O
69,Mus,O
69,musculus,O
69,L,O
69,.,O
69,),O
69,.,O
70,Penelitian,O
70,ini,O
70,dilakukan,O
70,menggunakan,O
70,mencit,B-POPULATION
70,hiperglikemia,B-DISEASE
70,yang,O
70,diinduksi,O
70,glukosa,B-COMPOUND
70,dengan,O
70,pembagian,O
70,kelompok,O
70,perlakuan,O
70,antara,O
70,lain,O
70,:,O
70,kelompok,O
70,kontrol,O
70,negatif,O
70,",",O
70,kelompok,O
70,kapsul,B-TREATMENT
70,ekstrak,I-TREATMENT
70,buah,B-HERB
70,mengkudu,I-HERB
70,dosis,O
70,1,O
70,",",O
70,dan,O
70,kapsul,B-TREATMENT
70,ekstrak,I-TREATMENT
70,buah,B-HERB
70,mengkudu,I-HERB
70,dosis,O
70,2,O
70,.,O
71,Kelompok,O
71,yang,O
71,diberi,O
71,perlakuan,O
71,kapsul,B-TREATMENT
71,ekstrak,I-TREATMENT
71,buah,B-HERB
71,mengkudu,I-HERB
71,dosis,O
71,1,O
71,menunjukkan,O
71,penurunan,O
71,kadar,O
71,gula,O
71,darah,B-BODY_PART
71,sebesar,O
71,"40,7",O
71,±,O
71,"10,8",O
71,mg,O
71,/,O
71,dl,O
71,dan,O
71,dosis,O
71,2,O
71,sebesar,O
71,"38,7",O
71,±,O
71,"16,6",O
71,mg,O
71,/,O
71,dl,O
71,.,O
72,Sehingga,O
72,dapat,O
72,disimpulkan,O
72,bahwa,O
72,kapsul,B-TREATMENT
72,ekstrak,I-TREATMENT
72,buah,B-HERB
72,mengkudu,I-HERB
72,memiliki,O
72,efektivitas,O
72,dalam,O
72,menurunkan,O
72,kadar,O
72,gula,O
72,darah,B-BODY_PART
72,pada,O
72,mencit,B-POPULATION
72,.,O
73,Diabetes,B-DISEASE
73,mellitus,I-DISEASE
73,(,O
73,DM,O
73,),O
73,merupakan,O
73,gangguan,B-DISEASE
73,metabolik,I-DISEASE
73,yang,O
73,ditandai,O
73,dengan,O
73,peningkatan,O
73,kadar,B-DISEASE
73,glukosa,B-COMPOUND
73,darah,B-BODY_PART
73,disertai,O
73,dengan,O
73,gangguan,O
73,metabolisme,O
73,karbohidrat,B-COMPOUND
73,",",O
73,lemak,B-COMPOUND
73,dan,O
73,protein,B-COMPOUND
73,akibat,O
73,insufisiensi,O
73,fungsi,O
73,insulin,B-COMPOUND
73,.,O
74,Buah,B-HERB
74,mengkudu,I-HERB
74,(,O
74,Morinda,B-HERB
74,citrifolia,I-HERB
74,),O
74,mengandung,O
74,flavonoid,B-COMPOUND
74,dan,O
74,saponin,B-COMPOUND
74,yang,O
74,berfungsi,O
74,sebagai,O
74,antioksidan,B-EFFECT
74,.,O
75,Penelitian,O
75,ini,O
75,bertujuan,O
75,untuk,O
75,menganalisis,O
75,efek,O
75,jus,B-TREATMENT
75,buah,B-HERB
75,mengkudu,I-HERB
75,terhadap,O
75,penurunan,B-EFFECT
75,kadar,I-EFFECT
75,glukosa,I-EFFECT
75,darah,I-EFFECT
75,pada,O
75,tikus,B-POPULATION
75,terinduksi,O
75,aloksan,B-COMPOUND
75,.,O
76,Penelitian,O
76,ini,O
76,adalah,O
76,eksperimental,B-METHOD
76,dengan,O
76,rancangan,O
76,pre,O
76,and,O
76,post-test,O
76,control,O
76,group,O
76,design,O
76,.,O
77,Subyek,O
77,tiga,O
77,puluh,O
77,ekor,O
77,tikus,B-POPULATION
77,galur,O
77,Wistar,B-POPULATION
77,",",O
77,2,O
77,-,O
77,3,O
77,bulan,O
77,150,O
77,-,O
77,250,O
77,gr,O
77,dibagi,O
77,5,O
77,kelompok,O
77,:,O
77,kelompok,O
77,kontrol,O
77,negatif,O
77,",",O
77,kelompok,O
77,kontrol,O
77,positif,O
77,",",O
77,kelompok,O
77,perlakuan,O
77,dengan,O
77,jus,B-TREATMENT
77,buah,B-HERB
77,mengkudu,I-HERB
77,"2,25",O
77,gr,O
77,/,O
77,kgBB,O
77,",",O
77,jus,B-TREATMENT
77,buah,B-HERB
77,mengkudu,I-HERB
77,"4,5",O
77,gr,O
77,/,O
77,kgBB,O
77,dan,O
77,jus,B-TREATMENT
77,buah,B-HERB
77,mengkudu,I-HERB
77,9,O
77,gr,O
77,/,O
77,kgBB,O
77,.,O
78,Hasil,O
78,penelitian,O
78,menunjukkan,O
78,pemberian,O
78,jus,B-TREATMENT
78,buah,B-HERB
78,mengkudu,I-HERB
78,dosis,O
78,"2,25",O
78,gr,O
78,/,O
78,kgBB,O
78,",",O
78,"4,5",O
78,gr,O
78,/,O
78,kgBB,O
78,dan,O
78,9,O
78,gr,O
78,/,O
78,kgBB,O
78,mampu,O
78,menurunkan,B-EFFECT
78,kadar,I-EFFECT
78,glukosa,I-EFFECT
78,darah,I-EFFECT
78,tikus,B-POPULATION
78,diabetik,O
78,terinduksi,O
78,aloksan,B-COMPOUND
78,.,O
79,Rata-rata,O
79,penurunan,B-EFFECT
79,kadar,I-EFFECT
79,glukosa,I-EFFECT
79,darah,I-EFFECT
79,pada,O
79,kelompok,O
79,perlakuan,O
79,jus,B-TREATMENT
79,buah,B-HERB
79,mengkudu,I-HERB
79,9,O
79,gr,O
79,/,O
79,kgBB,O
79,paling,O
79,rendah,O
79,.,O
80,Terdapat,O
80,penurunan,O
80,yang,O
80,signifikan,O
80,kadar,B-DISEASE
80,glukosa,B-COMPOUND
80,darah,B-BODY_PART
80,pre-test,O
80,dan,O
80,post-test,O
80,pemberian,O
80,jus,B-TREATMENT
80,buah,B-HERB
80,mengkudu,I-HERB
80,dengan,O
80,nilai,O
80,P,O
80,=,O
80,"0,000",O
80,(,O
80,P,O
81,Hipertensi,B-DISEASE
81,merupakan,O
81,problem,O
81,kesehatan,O
81,yang,O
81,sangat,O
81,penting,O
81,di,O
81,masyarakat,B-POPULATION
81,Indonesia,O
81,.,O
82,Obat,O
82,untuk,O
82,hipertensi,B-DISEASE
82,semakin,O
82,berkembang,O
82,dari,O
82,tahun,O
82,ke,O
82,tahun,O
82,.,O
83,Penelitian-penelitian,O
83,untuk,O
83,menemukan,O
83,obat,O
83,dengan,O
83,efektifitas,O
83,yang,O
83,lebih,O
83,baik,O
83,dan,O
83,efek,O
83,samping,O
83,seminimal,O
83,mungkin,O
83,terus,O
83,berlanjut,O
83,.,O
84,Namun,O
84,di,O
84,sisi,O
84,lain,O
84,secara,O
84,turun,O
84,temurun,O
84,sebenarnya,O
84,telah,O
84,dikenal,O
84,pengobatan,B-TREATMENT
84,tradisional,I-TREATMENT
84,untuk,O
84,mengatasi,O
84,hipertensi,B-DISEASE
84,",",O
84,salah,O
84,satunya,O
84,adalah,O
84,buah,B-HERB
84,mengkudu,I-HERB
84,(,O
84,Morinda,B-HERB
84,citrifolia,I-HERB
84,),O
84,.,O
85,Penelitian,O
85,ini,O
85,bertujuan,O
85,untuk,O
85,mengkaji,O
85,pengaruh,O
85,M,O
85,.,O
86,citrifolia,O
86,terhadap,O
86,hipertensi,B-DISEASE
86,pada,O
86,kelompok,B-POPULATION
86,usia,I-POPULATION
86,lanjut,O
86,.,O
87,Penelitian,O
87,ini,O
87,merupakan,O
87,penelitian,B-METHOD
87,eksperimental,I-METHOD
87,dengan,O
87,rancangan,O
87,penelitian,O
87,pre,O
87,test-post,O
87,test,O
87,randomized,O
87,control,O
87,group,O
87,design,O
87,.,O
88,Subjek,O
88,penelitian,O
88,berjumlah,O
88,30,O
88,orang,B-POPULATION
88,.,O
89,Hasil,O
89,uji,O
89,analisis,O
89,statistik,O
89,untuk,O
89,tekanan,O
89,darah,B-BODY_PART
89,sistolik,O
89,adalah,O
89,terdapat,O
89,penurunan,B-EFFECT
89,tekanan,I-EFFECT
89,darah,I-EFFECT
89,sistolik,O
89,sebelum,O
89,dan,O
89,sesudah,O
89,minum,O
89,kapsul,B-TREATMENT
89,ekstrak,I-TREATMENT
89,M,O
89,.,O
90,citrifolia,O
90,yang,O
90,bermakna,O
90,secara,O
90,statistik,O
90,(,O
90,p,O
90,=,O
90,"0,00",O
90,),O
90,.,O
91,Demikian,O
91,juga,O
91,dengan,O
91,ekanan,O
91,darah,B-BODY_PART
91,diastolik,O
91,terdapat,O
91,penurunan,B-EFFECT
91,tekanan,I-EFFECT
91,darah,I-EFFECT
91,diastolik,O
91,sebelum,O
91,dan,O
91,sesudah,O
91,minum,O
91,kapsul,B-TREATMENT
91,ekstrak,I-TREATMENT
91,M,O
91,.,O
92,citrifolia,O
92,yang,O
92,bermakna,O
92,secara,O
92,statistik,O
92,(,O
92,p,O
92,=,O
92,"0,00",O
92,),O
92,.,O
93,Hasil,O
93,penelitian,O
93,menunjukkan,O
93,bahwa,O
93,terdapat,O
93,penurunan,B-EFFECT
93,tekanan,I-EFFECT
93,darah,I-EFFECT
93,sistolik,O
93,dan,O
93,diastolik,O
93,pada,O
93,lansia,B-POPULATION
93,yang,O
93,rutin,O
93,minum,O
93,kapsul,B-TREATMENT
93,ekstrak,I-TREATMENT
93,M,O
93,.,O
94,citrifolia,O
94,secara,O
94,teratur,O
95,Indonesia,O
95,adalah,O
95,negara,O
95,yang,O
95,kaya,O
95,akan,O
95,sumber,O
95,daya,O
95,alam,O
95,dan,O
95,tanaman,O
95,berkhasiat,O
95,.,O
96,Lengkuas,B-HERB
96,merupakan,O
96,tanaman,O
96,yang,O
96,banyak,O
96,hidup,O
96,dan,O
96,berkembang,O
96,di,O
96,negara,O
96,Asia,O
96,terutama,O
96,di,O
96,Indonesia,O
96,dan,O
96,memiliki,O
96,berbagai,O
96,manfaat,O
96,bagi,O
96,kesehatan,O
96,.,O
97,Rimpang,B-HERB
97,lengkuas,I-HERB
97,memiliki,O
97,kandungan,O
97,yang,O
97,banyak,O
97,digunakan,O
97,sebagai,O
97,obat,B-TREATMENT
97,tradisional,I-TREATMENT
97,dan,O
97,penambah,O
97,rasa,O
97,masakan,O
97,.,O
98,Sedangkan,O
98,batang,B-HERB
98,lengkuas,I-HERB
98,belum,O
98,banyak,O
98,dimanfaatkan,O
98,.,O
99,Tujuan,O
99,penelitian,O
99,ini,O
99,adalah,O
99,untuk,O
99,mengetahui,O
99,kandungan,O
99,senyawa,O
99,kimia,O
99,pada,O
99,ekstrak,B-TREATMENT
99,etanol,I-TREATMENT
99,batang,B-HERB
99,lengkuas,I-HERB
99,putih,I-HERB
99,dan,O
99,mengetahui,O
99,kemampuan,O
99,daya,B-EFFECT
99,hambat,I-EFFECT
99,pada,O
99,bakteri,O
99,klebsiella,O
99,pneumonia,O
99,.,O
100,Metode,O
100,yang,O
100,digunakan,O
100,untuk,O
100,ekstraksi,O
100,adalah,O
100,metode,O
100,maserasi,B-METHOD
100,dingin,O
100,",",O
100,sedangkan,O
100,uji,O
100,senyawa,O
100,kimia,O
100,menggunakan,O
100,reagen,O
100,kimia,O
100,.,O
101,Berdasarkan,O
101,hasil,O
101,penelitian,O
101,menunjukkan,O
101,bahwa,O
101,ekstrak,B-TREATMENT
101,batang,B-HERB
101,lengkuas,I-HERB
101,mengandung,O
101,senyawa,O
101,kimia,O
101,yaitu,O
101,alkaloid,B-COMPOUND
101,",",O
101,fenol,B-COMPOUND
101,",",O
101,tanin,B-COMPOUND
101,",",O
101,saponin,B-COMPOUND
101,",",O
101,dan,O
101,flavonoid,B-COMPOUND
101,dan,O
101,memiliki,O
101,kemampuan,O
101,menghambat,O
101,bakteri,O
101,Klebsiella,O
101,pneumonia,O
101,tertinggi,O
101,sebesar,O
101,"10,2",O
101,mm,O
101,.,O
102,Lengkuas,B-HERB
102,biasa,O
102,digunakan,O
102,sebagai,O
102,obat,B-TREATMENT
102,tradisional,I-TREATMENT
102,.,O
103,Penelitian,O
103,ini,O
103,bertujuan,O
103,untuk,O
103,mengetahui,O
103,kandungan,O
103,fitokimia,O
103,dan,O
103,aktivitas,B-EFFECT
103,antioksidan,I-EFFECT
103,ekstrak,B-TREATMENT
103,etanol,I-TREATMENT
103,dari,O
103,batang,B-HERB
103,lengkuas,I-HERB
103,(,O
103,Alpinia,B-HERB
103,galanga,I-HERB
103,),O
103,.,O
104,Batang,B-HERB
104,lengkuas,I-HERB
104,diekstraksi,O
104,menggunakan,O
104,metode,O
104,maserasi,B-METHOD
104,dengan,O
104,pelarut,O
104,etanol,B-COMPOUND
104,95%,O
104,.,O
105,Skrining,O
105,fitokimia,O
105,yang,O
105,dilakukan,O
105,meliputi,O
105,uji,O
105,flavonoid,B-COMPOUND
105,",",O
105,triterpenoid,B-COMPOUND
105,",",O
105,saponin,B-COMPOUND
105,",",O
105,polifenol,B-COMPOUND
105,secara,O
105,kualitatif,O
105,dengan,O
105,metode,O
105,uji,O
105,warna,O
105,.,O
106,Uji,O
106,aktivitas,B-EFFECT
106,antioksidan,I-EFFECT
106,menggunakan,O
106,metode,O
106,ABTS,O
106,(,O
106,"2,2",O
106,-,O
106,Azinobis,O
106,(,O
106,3,O
106,-,O
106,ethylbenzothiazoline,O
106,),O
106,-,O
106,6,O
106,-,O
106,sulfonic,O
106,acid,O
106,),O
106,dan,O
106,vitamin,B-COMPOUND
106,C,I-COMPOUND
106,sebagai,O
106,pembanding,O
106,",",O
106,serapan,O
106,diukur,O
106,menggunakan,O
106,spektrofotometer,B-METHOD
106,UV-Vis,O
106,pada,O
106,panjang,O
106,gelombang,O
106,750,O
106,nm,O
106,.,O
107,Hasil,O
107,Skrining,O
107,fitokimia,O
107,pada,O
107,ekstrak,B-TREATMENT
107,etanol,I-TREATMENT
107,batang,B-HERB
107,lengkuas,I-HERB
107,(,O
107,Alpinia,B-HERB
107,galanga,I-HERB
107,),O
107,menunjukkan,O
107,hasil,O
107,positif,O
107,terhadap,O
107,flavonoid,B-COMPOUND
107,",",O
107,triterpenoid,B-COMPOUND
107,dan,O
107,polifenol,B-COMPOUND
107,",",O
107,sementara,O
107,saponin,B-COMPOUND
107,menunjukkan,O
107,hasil,O
107,negatif,O
107,.,O
108,Aktivitas,B-EFFECT
108,antioksidan,I-EFFECT
108,dianalisis,O
108,menggunakan,O
108,persamaan,O
108,garis,O
108,regresi,O
108,y,O
108,=,O
108,"3,293",O
108,x,O
108,+,O
108,40,O
108,.,O
109,606,O
109,",",O
109,diperoleh,O
109,IC,O
109,"1,675",O
109,ppm,O
109,dan,O
109,pembanding,O
109,vitamin,B-COMPOUND
109,C,I-COMPOUND
109,diperoleh,O
109,IC,O
109,"2,0405",O
109,ppm,O
109,.,O
110,Dari,O
110,hasil,O
110,tersebut,O
110,diketahui,O
110,ekstrak,B-TREATMENT
110,etanol,I-TREATMENT
110,batang,B-HERB
110,lengkuas,I-HERB
110,(,O
110,Alpinia,B-HERB
110,galanga,I-HERB
110,),O
110,dan,O
110,pembanding,O
110,vitamin,B-COMPOUND
110,C,I-COMPOUND
110,menunjukkan,O
110,keduanya,O
110,memiliki,O
110,aktivitas,B-EFFECT
110,antioksidan,I-EFFECT
110,yang,O
110,termasuk,O
110,dalam,O
110,kategori,O
110,sangat,O
110,kuat,O
110,.,O
111,Infeksi,B-DISEASE
111,adalah,O
111,penyakit,O
111,yang,O
111,dapat,O
111,menimbulkan,O
111,gejala,O
111,klinis,O
111,atau,O
111,asimtomatis,O
111,yang,O
111,dipicu,O
111,oleh,O
111,mikroorganisme,O
111,seperti,O
111,bakteri,O
111,.,O
112,Pseudomonas,O
112,aeruginosa,O
112,dan,O
112,Bacillus,O
112,subtilis,O
112,merupakan,O
112,bakteri,O
112,yang,O
112,dapat,O
112,menimbulkan,O
112,infeksi,B-DISEASE
112,nosokomial,O
112,.,O
113,Tujuan,O
113,penelitian,O
113,ini,O
113,adalah,O
113,untuk,O
113,mengetahui,O
113,aktivitas,B-EFFECT
113,antibakteri,I-EFFECT
113,dari,O
113,ekstrak,B-TREATMENT
113,dan,O
113,fraksi,O
113,rimpang,B-HERB
113,lengkuas,I-HERB
113,putih,O
113,(,O
113,Alpinia,B-HERB
113,galanga,I-HERB
113,),O
113,terhadap,O
113,bakteri,O
113,Pseudomonas,O
113,aeruginosa,O
113,dan,O
113,Bacillus,O
113,subtilis,O
113,dan,O
113,mengidentifikasi,O
113,golongan,O
113,senyawa,O
113,yang,O
113,berperan,O
113,sebagai,O
113,agen,O
113,antibakteri,B-EFFECT
113,.,O
114,Ekstrak,B-TREATMENT
114,diperoleh,O
114,dari,O
114,maserasi,B-METHOD
114,lengkuas,B-HERB
114,menggunakan,O
114,metanol,B-COMPOUND
114,70%,O
114,.,O
115,Metode,O
115,difusi,O
115,disk,O
115,dipilih,O
115,dalam,O
115,uji,O
115,aktivitas,B-EFFECT
115,antibakteri,I-EFFECT
115,.,O
116,Sampel,O
116,yang,O
116,diuji,O
116,adalah,O
116,ekstrak,B-TREATMENT
116,dengan,O
116,konsentrasi,O
116,"10,5",O
116,;,O
116,12,O
116,;,O
116,"13,5",O
116,;,O
116,dan,O
116,15,O
116,mg,O
116,/,O
116,disk,O
116,",",O
116,fraksi,O
116,metanol,B-COMPOUND
116,15,O
116,mg,O
116,/,O
116,disk,O
116,",",O
116,fraksi,O
116,etil,O
116,asetat,O
116,15,O
116,mg,O
116,/,O
116,disk,O
116,",",O
116,fraksi,O
116,kloroform,O
116,15,O
116,mg,O
116,/,O
116,disk,O
116,",",O
116,kloramfenikol,O
116,sebagai,O
116,kontrol,O
116,positif,O
116,",",O
116,dan,O
116,DMSO,O
116,sebagai,O
116,kontrol,O
116,negatif,O
116,.,O
117,Hasil,O
117,uji,O
117,ekstrak,B-TREATMENT
117,metanol,I-TREATMENT
117,menunjukkan,O
117,adanya,O
117,aktivitas,B-EFFECT
117,antibakteri,I-EFFECT
117,terhadap,O
117,Pseudomonas,O
117,aeruginosa,O
117,dan,O
117,Bacillus,O
117,subtilis,O
117,pada,O
117,konsentrasi,O
117,15,O
117,mg,O
117,/,O
117,disk,O
117,dengan,O
117,diameter,O
117,zona,O
117,hambat,O
117,berturut-turut,O
117,adalah,O
117,"13,5",O
117,±,O
117,"0,41",O
117,mm,O
117,dan,O
117,"16,0",O
117,±,O
117,"0,41",O
117,mm,O
117,.,O
118,Hasil,O
118,uji,O
118,fraksi,O
118,etil,O
118,asetat,O
118,menunjukkan,O
118,adanya,O
118,aktivitas,B-EFFECT
118,antibakteri,I-EFFECT
118,terbesar,O
118,terhadap,O
118,Pseudomonas,O
118,aeruginosa,O
118,dan,O
118,Bacillus,O
118,subtilis,O
118,dengan,O
118,diameter,O
118,zona,O
118,hambat,O
118,berturut-turut,O
118,adalah,O
118,"12,0",O
118,±,O
118,"0,41",O
118,mm,O
118,dan,O
118,13,O
118,.,O
119,7,O
119,±,O
119,"0,24",O
119,mm,O
119,.,O
120,Identifikasi,O
120,golongan,O
120,senyawa,O
120,rimapang,O
120,lengkuas,B-HERB
120,putih,I-HERB
120,(,O
120,Alpinia,B-HERB
120,galanga,I-HERB
120,),O
120,menggunakan,O
120,metode,O
120,KLT,B-METHOD
120,dengan,O
120,silika,O
120,gel,B-TREATMENT
120,GF,O
120,254,O
120,sebagai,O
120,fase,O
120,diam,O
120,",",O
120,kloroform,O
120,:,O
120,etil,O
120,asetat,O
120,(,O
120,1,O
120,:,O
120,1,O
120,v,O
120,/,O
120,v,O
120,),O
120,sebagai,O
120,fase,O
120,gerak,O
120,untuk,O
120,mengelusi,O
120,plat,O
120,ekstrak,B-TREATMENT
120,",",O
120,dan,O
120,kloroform,O
120,:,O
120,metanol,B-COMPOUND
120,(,O
120,9,O
120,:,O
120,3,O
120,v,O
120,/,O
120,v,O
120,),O
120,sebagai,O
120,fase,O
120,gerak,O
120,untuk,O
120,mengelusi,O
120,plat,O
120,fraksi,O
120,etil,O
120,asetat,O
120,.,O
121,Hasil,O
121,uji,O
121,fitokimia,O
121,rimpang,B-HERB
121,lengkuas,I-HERB
121,putih,O
121,(,O
121,Alpinia,B-HERB
121,galanga,I-HERB
121,),O
121,menunjukkan,O
121,ekstrak,B-TREATMENT
121,metanol,I-TREATMENT
121,positif,O
121,mengandung,O
121,alkaloid,B-COMPOUND
121,",",O
121,fenolik,B-COMPOUND
121,",",O
121,flavonoid,B-COMPOUND
121,",",O
121,dan,O
121,terpenoid,B-COMPOUND
121,",",O
121,sedangkan,O
121,pada,O
121,fraksi,O
121,etil,O
121,positif,O
121,mengandung,O
121,fenolik,B-COMPOUND
121,",",O
121,flavonoid,B-COMPOUND
121,",",O
121,dan,O
121,terpenoid,B-COMPOUND
121,.,O
122,Uji,O
122,bioautografi,O
122,menunjukkan,O
122,golongan,O
122,senyawa,O
122,yang,O
122,mampu,O
122,menghambat,O
122,bakteri,O
122,Pseudomonas,O
122,aeruginosa,O
122,dan,O
122,bakteri,O
122,Bacillus,O
122,subtilis,O
122,adalah,O
122,fenolik,B-COMPOUND
122,",",O
122,flavonoid,B-COMPOUND
122,",",O
122,dan,O
122,terpenoid,B-COMPOUND
122,.,O
123,Penelitian,O
123,ini,O
123,bertujuan,O
123,untuk,O
123,mengetahui,O
123,efektivitas,O
123,ekstrak,B-TREATMENT
123,etanol,I-TREATMENT
123,rimpang,B-HERB
123,lengkuas,I-HERB
123,putih,I-HERB
123,sebagai,O
123,analgesik,B-EFFECT
123,pada,O
123,tikus,B-POPULATION
123,putih,I-POPULATION
123,(,O
123,Rattus,B-POPULATION
123,norvegicus,I-POPULATION
123,),O
123,dengan,O
123,asam,O
123,mefenamat,O
123,sebagai,O
123,pembanding,O
123,.,O
124,Penelitian,O
124,ini,O
124,dilaksanakan,O
124,di,O
124,Laboratorium,O
124,Fakultas,O
124,Matematika,O
124,dan,O
124,Ilmu,O
124,Pengetahuan,O
124,Alam,O
124,Universitas,O
124,Kristen,O
124,Indonesia,O
124,Tomohon,O
124,.,O
125,Waktu,O
125,pelaksanaan,O
125,penelitian,O
125,dilakukan,O
125,pada,O
125,Bulan,O
125,November,O
125,2018,O
125,-,O
125,Desember,O
125,2018,O
125,.,O
126,Penelitian,O
126,ini,O
126,merupakan,O
126,penelitian,B-METHOD
126,eksperimental,I-METHOD
126,laboratorium,O
126,dengan,O
126,menggunakan,O
126,metode,O
126,Rancangan,B-METHOD
126,Acak,I-METHOD
126,Lengkap,I-METHOD
126,(,O
126,RAL,O
126,),O
126,yaitu,O
126,5,O
126,perlakuan,O
126,dengan,O
126,3,O
126,kali,O
126,ulangan,O
126,.,O
127,Hasil,O
127,penelitian,O
127,ekstrak,B-TREATMENT
127,etanol,I-TREATMENT
127,rimpang,B-HERB
127,lengkuas,I-HERB
127,putih,I-HERB
127,yang,O
127,diberi,O
127,dosis,O
127,berbeda,O
127,25,O
127,mg,O
127,/,O
127,kgBB,O
127,",",O
127,50,O
127,mg,O
127,/,O
127,kgBB,O
127,",",O
127,dan,O
127,100,O
127,mg,O
127,/,O
127,kgBB,O
127,",",O
127,menunjukan,O
127,adanya,O
127,efek,O
127,analgesik,B-EFFECT
127,pada,O
127,hewan,B-POPULATION
127,uji,I-POPULATION
127,.,O
128,Bila,O
128,dibandingkan,O
128,dengan,O
128,kontrol,O
128,positif,O
128,obat,O
128,asam,O
128,mefenamat,O
128,efek,O
128,penurunan,O
128,analgesik,B-EFFECT
128,lebih,O
128,tinggi,O
128,dari,O
128,ekstrak,B-TREATMENT
128,rimpang,B-HERB
128,lengkuas,I-HERB
128,putih,I-HERB
128,",",O
128,sedangkan,O
128,pada,O
128,kontrol,O
128,negatif,O
128,dengan,O
128,pemberian,O
128,CMC,O
128,1,O
128,%,O
128,efek,O
128,penurunan,O
128,analgesik,B-EFFECT
128,lebih,O
128,rendah,O
128,",",O
128,dosis,O
128,100,O
128,mg,O
128,/,O
128,kgBB,O
128,rimpang,B-HERB
128,lengkuas,I-HERB
128,putih,O
128,lebih,O
128,banyak,O
128,memberikan,O
128,efek,O
128,analgesik,B-EFFECT
128,.,O
129,Kesimpulannya,O
129,adalah,O
129,ekstrak,B-TREATMENT
129,rimpang,B-HERB
129,lengkuas,I-HERB
129,putih,I-HERB
129,memiliki,O
129,efek,O
129,analgesik,B-EFFECT
129,sebagai,O
129,penurun,O
129,rasa,O
129,nyeri,B-DISEASE
129,.,O
130,engkuas,O
130,merah,O
130,(,O
130,Alpinia,B-HERB
130,purpurata,I-HERB
130,),O
130,merupakan,O
130,tanaman,O
130,yang,O
130,termasuk,O
130,dalam,O
130,familyZingiberaceae,O
130,.,O
131,Rimpang,B-HERB
131,lengkuas,I-HERB
131,merah,O
131,secara,O
131,tradisional,O
131,digunakan,O
131,untuk,O
131,mengobati,O
131,penyakit,O
131,panu,O
131,dan,O
131,kurap,O
131,.,O
132,Rimpang,B-HERB
132,lengkuas,I-HERB
132,merah,O
132,mengandung,O
132,metabolit,O
132,sekunder,O
132,minyak,B-COMPOUND
132,atsiri,I-COMPOUND
132,",",O
132,eugnol,O
132,",",O
132,seskuiterpen,O
132,",",O
132,pinen,O
132,",",O
132,kaemferida,O
132,",",O
132,galangan,O
132,dan,O
132,galangol,O
132,yang,O
132,berkhasiat,O
132,sebagai,O
132,antijamur,B-EFFECT
132,.,O
133,Penelitian,O
133,ini,O
133,bertujuan,O
133,untuk,O
133,mengetahui,O
133,aktivitas,O
133,antijamur,B-EFFECT
133,ekstrak,B-TREATMENT
133,etanol,I-TREATMENT
133,rimpang,B-HERB
133,lengkuas,I-HERB
133,merah,I-HERB
133,terhadapMalasezia,O
133,furfurdan,O
133,Microsporum,O
133,canismenggunakan,O
133,metode,O
133,difusi,O
133,agar,O
133,.,O
134,Ekstrak,B-TREATMENT
134,lengkuas,B-HERB
134,merah,I-HERB
134,dibuat,O
134,dengan,O
134,variasi,O
134,konsentrasi,O
134,2%,O
134,",",O
134,5%,O
134,",",O
134,dan,O
134,10%,O
134,.,O
135,Hasil,O
135,penelitian,O
135,didapatkan,O
135,aktivitas,O
135,antijamur,B-EFFECT
135,ekstrak,B-TREATMENT
135,etanol,I-TREATMENT
135,lengkuas,B-HERB
135,merahdalam,O
135,bentuk,O
135,diamater,O
135,hambat,O
135,rata-ratapada,O
135,konsentrasi,O
135,2%,O
135,",",O
135,5%,O
135,",",O
135,dan,O
135,10%,O
135,terhadap,O
135,Malasezia,O
135,furfuradalah,O
135,"16,77",O
135,mm,O
135,",",O
135,"17,91",O
135,mm,O
135,",",O
135,dan,O
135,"19,72",O
135,mm,O
135,.,O
136,Diamater,O
136,hambat,O
136,rata-rataterhadap,O
136,Microsporum,O
136,canis,O
136,adalah,O
136,"10,58",O
136,mm,O
136,",",O
136,"13,57",O
136,mm,O
136,",",O
136,dan,O
136,"14,51",O
136,mm,O
136,.,O
137,Berdasarkan,O
137,hasil,O
137,penelitian,O
137,ini,O
137,dapat,O
137,disimpulkan,O
137,bahwa,O
137,ekstrak,B-TREATMENT
137,etanol,I-TREATMENT
137,lengkuas,B-HERB
137,merah,I-HERB
137,memiliki,O
137,aktivitas,O
137,antijamur,B-EFFECT
137,terhadap,O
137,Malasezia,O
137,furfurdan,O
137,Microsporum,O
137,canis,O
138,Latar,O
138,Belakang,O
138,:,O
138,Kanker,B-DISEASE
138,atau,O
138,keganasan,O
138,merupakan,O
138,sekelompok,O
138,penyakit,O
138,yang,O
138,ditandai,O
138,dengan,O
138,pertumbuhan,O
138,yang,O
138,tidak,O
138,terkendali,O
138,dan,O
138,penyebaran,O
138,sel-sel,O
138,abnormal,O
138,.,O
139,Salah,O
139,satu,O
139,kanker,B-DISEASE
139,yang,O
139,masih,O
139,menjadi,O
139,masalah,O
139,di,O
139,dunia,O
139,adalah,O
139,kanker,B-DISEASE
139,lambung,I-DISEASE
139,.,O
140,Kanker,B-DISEASE
140,lambung,I-DISEASE
140,merupakan,O
140,salah,O
140,satu,O
140,penyumbang,O
140,utama,O
140,kematian,O
140,yang,O
140,tinggi,O
140,di,O
140,dunia,O
140,",",O
140,terutama,O
140,pada,O
140,kalangan,O
140,pria,O
140,di,O
140,usia,O
140,tua,O
140,.,O
141,Terdapat,O
141,beberapa,O
141,metode,O
141,pengobatan,O
141,yang,O
141,biasa,O
141,dilakukan,O
141,",",O
141,seperti,O
141,pembedahan,O
141,",",O
141,radiasi,O
141,dan,O
141,kemoterapi,O
141,.,O
142,Pemilihan,O
142,metode,O
142,tersebut,O
142,tergantung,O
142,pada,O
142,jenis,O
142,dan,O
142,stadium,O
142,perkembangan,O
142,tumor,O
142,.,O
143,Kemoterapi,O
143,merupakan,O
143,salah,O
143,metode,O
143,pengobatan,O
143,pilihan,O
143,",",O
143,namun,O
143,tingkat,O
143,keberhasilan,O
143,pengobatan,O
143,ini,O
143,terbatas,O
143,karena,O
143,adanya,O
143,kemoresistensi,O
143,.,O
144,Tanaman,O
144,herbal,O
144,merupakan,O
144,salah,O
144,satu,O
144,senyawa,O
144,aktif,O
144,yang,O
144,dipercaya,O
144,menjadi,O
144,salah,O
144,satu,O
144,alternatif,O
144,sebagai,O
144,antikanker,B-EFFECT
144,karena,O
144,memiliki,O
144,efek,O
144,samping,O
144,minimal,O
144,.,O
145,Salah,O
145,satu,O
145,tanaman,O
145,yang,O
145,dapat,O
145,dimanfaatkan,O
145,adalah,O
145,kunyit,B-HERB
145,(,O
145,Curcuma,O
145,longaI,O
145,),O
145,.,O
146,Tujuan,O
146,:,O
146,mengetahui,O
146,lebih,O
146,lanjut,O
146,tentang,O
146,manfaat,O
146,kunyit,B-HERB
146,sebagai,O
146,pengobatan,O
146,kanker,B-DISEASE
146,lambung,I-DISEASE
146,.,O
147,Metode,O
147,:,O
147,Metode,O
147,yang,O
147,digunakan,O
147,oleh,O
147,penulis,O
147,adalah,O
147,studi,O
147,literatur,O
147,dari,O
147,berbagai,O
147,jurnal,O
147,nasional,O
147,maupun,O
147,internasional,O
147,.,O
148,Metode,O
148,ini,O
148,digunakan,O
148,dengan,O
148,tujuan,O
148,menambah,O
148,pengetahuan,O
148,dan,O
148,pemahaman,O
148,mengenai,O
148,topik,O
148,yang,O
148,dibahas,O
148,dengan,O
148,menyajikan,O
148,materi,O
148,yang,O
148,telah,O
148,diterbitkan,O
148,dengan,O
148,meringkas,O
148,materi,O
148,yang,O
148,telah,O
148,diterbitkan,O
148,serta,O
148,memberikan,O
148,informasi,O
148,fakta,O
148,atau,O
148,analisis,O
148,baru,O
148,dari,O
148,tinjauan,O
148,literatur,O
148,yang,O
148,relevan,O
148,kemudian,O
148,membandingkan,O
148,hasil,O
148,tersebut,O
148,dalam,O
148,artikel,O
148,.,O
149,Hasil,O
149,:,O
149,Senyawa,O
149,kurkumin,B-COMPOUND
149,dari,O
149,tanaman,O
149,Curcuma,B-HERB
149,longa,I-HERB
149,dapat,O
149,berperan,O
149,dalam,O
149,menghambat,O
149,proliferasi,O
149,sel,B-BODY_PART
149,kanker,B-DISEASE
149,",",O
149,antiinflamasi,B-EFFECT
149,",",O
149,penghambatan,O
149,karsiogenik,O
149,",",O
149,immunomodulatory,O
149,",",O
149,antiestrogem,O
149,dan,O
149,antiangiogenesis,O
149,.,O
150,Perannya,O
150,dalam,O
150,tumorigenesis,O
150,juga,O
150,dimediasi,O
150,melalui,O
150,ekspresi,O
150,gen,O
150,yang,O
150,menekan,O
150,apoptosis,O
150,",",O
150,memediasi,O
150,proliferasi,O
150,",",O
150,invasi,O
150,dan,O
150,angiogenesis,O
150,.,O
151,Kesimpulan,O
151,:,O
151,Kandungan,O
151,kurkumin,B-COMPOUND
151,dalam,O
151,kunyit,B-HERB
151,dapat,O
151,berperan,O
151,sebagai,O
151,antikanker,B-EFFECT
151,seperti,O
151,pada,O
151,kanker,B-DISEASE
151,lambung,I-DISEASE
151,.,O
152,Kunyit,B-HERB
152,(,O
152,Curcuma,B-HERB
152,longa,I-HERB
152,),O
152,merupakan,O
152,salah,O
152,satu,O
152,tanaman,O
152,herbal,O
152,yangsangatdikenal,O
152,berkhasiatterutama,O
152,bagian,O
152,rimpangnya,O
152,.,O
153,Kunyit,B-HERB
153,dibudidayakan,O
153,secara,O
153,luas,O
153,di,O
153,India,O
153,",",O
153,Cina,O
153,",",O
153,Indonesia,O
153,",",O
153,dan,O
153,negara-negara,O
153,tropis,O
153,lainnya,O
153,.,O
154,Senyawa,O
154,aktif,O
154,yang,O
154,terkandung,O
154,dalam,O
154,rimpang,B-HERB
154,kunyit,I-HERB
154,antara,O
154,lain,O
154,yaitu,O
154,Kurkuminoid,B-COMPOUND
154,",",O
154,Minyak,B-COMPOUND
154,atsiri,I-COMPOUND
154,",",O
154,Resin,O
154,(,O
154,termasuk,O
154,terpenoid,B-COMPOUND
154,",",O
154,triterpenoid,B-COMPOUND
154,",",O
154,fenilpropena,O
154,),O
154,",",O
154,lemak,B-COMPOUND
154,",",O
154,Karbohidrat,B-COMPOUND
154,",",O
154,vitamin,O
154,dan,O
154,sebagainya,O
154,.,O
155,Kurkumindipercayamampu,O
155,bekerja,O
155,sebagai,O
155,anti,O
155,bakteridiantaranya,O
155,seperti,O
155,bakteri,O
155,Staphylococcus,O
155,.,O
156,aureus,O
156,danEscherichia,O
156,coliyang,O
156,diharap,O
156,dapat,O
156,menjadi,O
156,alternatif,O
156,untuk,O
156,mengatasi,O
156,infeksidan,O
156,dapat,O
156,mengurangi,O
156,terjadinya,O
156,resistensi,O
156,dari,O
156,penggunaan,O
156,antibiotik,O
156,.,O
157,MekanismeKurkumin,O
157,sebagai,O
157,zat,O
157,antibakteri,B-EFFECT
157,adalah,O
157,dengan,O
157,menghancurkan,O
157,dinding,O
157,sel,B-BODY_PART
157,dan,O
157,menyebabkan,O
157,kematian,O
157,pada,O
157,sel,B-BODY_PART
157,bakteri,O
157,.,O
158,Selain,O
158,sebagai,O
158,antibakteri,B-EFFECT
158,",",O
158,Kunyit,B-HERB
158,jugaidipercaya,O
158,memiliki,O
158,efek,O
158,farmakologis,O
158,sebagai,O
158,antiinflamasi,B-EFFECT
158,atau,O
158,peradangan,B-DISEASE
158,dalam,O
158,tubuhdengan,O
158,mekanisme,O
158,menghambat,O
158,berbagai,O
158,molekul,O
158,yang,O
158,terlibat,O
158,dalam,O
158,dalam,O
158,proses,O
158,inflamasi,B-DISEASE
158,.,O
159,Tujuanipenulisan,O
159,dari,O
159,artikel,O
159,ini,O
159,adalah,O
159,untuk,O
159,mengetahuipotensi,O
159,ekstrak,B-TREATMENT
159,herbal,O
159,Kunyit,B-HERB
159,(,O
159,Curcuma,B-HERB
159,Longa,I-HERB
159,),O
159,sebagai,O
159,antibakteri,B-EFFECT
159,dan,O
159,antiinflamasi,B-EFFECT
159,.,O
160,Metode,O
160,penelusuran,O
160,sumber,O
160,dilakukan,O
160,melalui,O
160,mesin,O
160,pencarian,O
160,Google,B-METHOD
160,Scholar,I-METHOD
160,",",O
160,Pubmed,B-METHOD
160,",",O
160,idan,O
160,Elsevier,O
160,.,O
161,Hasil,O
161,penelusuran,O
161,ditemukan,O
161,bahwa,O
161,ektrak,O
161,Kunyit,B-HERB
161,memiliki,O
161,potensi,O
161,sebagai,O
161,antibakteri,B-EFFECT
161,dan,O
161,antiinflamasi,B-EFFECT
161,secara,O
161,efektif,O
161,.,O
162,Semakin,O
162,besar,O
162,konsentasi,O
162,pada,O
162,ekstrak,B-TREATMENT
162,maka,O
162,efek,O
162,farmakologis,O
162,yang,O
162,ditimbulkan,O
162,semakin,O
162,besar,O
162,.,O
163,Rimpang,B-HERB
163,kunyit,I-HERB
163,atau,O
163,Curcuma,B-HERB
163,longa,I-HERB
163,berasal,O
163,dari,O
163,Asia,O
163,memiliki,O
163,kandungan,O
163,kurkumin,B-COMPOUND
163,yang,O
163,digunakan,O
163,sebagai,O
163,anti-inflamasi,B-EFFECT
163,dan,O
163,dipercaya,O
163,dapat,O
163,menenangkan,O
163,jaringanlambungyang,O
163,mengalami,O
163,erosi,O
163,disebabkan,O
163,oleh,O
163,obat-obatan,O
163,golongan,O
163,NSAID,O
163,termasuk,O
163,Indometasin,O
163,.,O
164,Tujuan,O
164,dilakukannya,O
164,penelitian,O
164,ini,O
164,adalah,O
164,untuk,O
164,mengevaluasi,O
164,efek,O
164,proteksi,O
164,ekstrakkurkumin,O
164,rimpang,B-HERB
164,kunyit,I-HERB
164,pada,O
164,epitel,B-BODY_PART
164,lambung,I-BODY_PART
164,yang,O
164,diinduksi,O
164,oleh,O
164,Indometasin,O
164,pada,O
164,tikus,B-POPULATION
164,.,O
165,Penulisan,O
165,artikel,O
165,ini,O
165,menggunakan,O
165,metode,O
165,literature,B-METHOD
165,review,I-METHOD
165,.,O
166,Artikel,O
166,initerbentukatasinformasiyangdidapatkandaribeberapaartikelbaikdarijurnalnasionalmaupuninternasional,O
166,yang,O
166,merupakan,O
166,hasil,O
166,dari,O
166,literature,O
166,searching,O
166,database,O
166,Pubmed,B-METHOD
166,",",O
166,NCBI,O
166,",",O
166,Elsevier,O
166,",",O
166,danGoogle,O
166,Scholar,O
166,dengankatakunci,O
166,Curcumalonga,B-HERB
166,;,O
166,lambung,B-BODY_PART
166,;,O
166,induksiIndometasin,O
166,;,O
166,kurkumin,B-COMPOUND
166,;,O
166,dan,O
166,rimpangkunyitdari,O
166,tahun,O
166,2012,O
166,hingga,O
166,2020,O
166,kemudiandiambilhanya,O
166,15,O
166,artikel,O
166,terpilih,O
166,.,O
167,Dariartikelyangdidapatkanselanjutnyadianalisisdenganmetodesystemicliteraturereviewmeliputikegiatanpengumpulan,O
167,",",O
167,evaluasi,O
167,",",O
167,danpengembanganpenelitiandengan,O
167,fokus,O
167,tertentu,O
167,.,O
168,Hasil,O
168,literature,B-METHOD
168,review,I-METHOD
168,telah,O
168,menjelaskan,O
168,bahwa,O
168,ekstrak,B-TREATMENT
168,kurkumin,B-COMPOUND
168,daritanaman,O
168,rimpang,B-HERB
168,kunyit,I-HERB
168,memiliki,O
168,kandungan,O
168,kurkumin,B-COMPOUND
168,yang,O
168,berpotensi,O
168,dapat,O
168,memberikan,O
168,efekproteksi,O
168,padaepitel,O
168,lambung,B-BODY_PART
168,yang,O
168,diinduksi,O
168,oleh,O
168,Indometasin,O
168,dengan,O
168,adanya,O
168,peningkatanmukuslambung,O
168,",",O
168,penurunanasamlambung,O
168,",",O
168,sertamemberikanefekanti-inflamasidananti-oksidan,O
168,.,O
169,Inflamasi,B-DISEASE
169,merupakan,O
169,respon,O
169,fisiologis,O
169,tubuh,B-BODY_PART
169,terhadap,O
169,cedera,O
169,jaringan,B-BODY_PART
169,akibat,O
169,trauma,O
169,fisik,O
169,",",O
169,kimia,O
169,",",O
169,atau,O
169,mikrobiologik,O
169,.,O
170,Terapi,O
170,menggunakan,O
170,obat,O
170,antiinflamasi,B-EFFECT
170,nonsteroid,O
170,(,O
170,NSAID,O
170,),O
170,dan,O
170,steroid,B-COMPOUND
170,sering,O
170,menimbulkan,O
170,efek,O
170,samping,O
170,serius,O
170,",",O
170,sehingga,O
170,diperlukan,O
170,alternatif,O
170,berbasis,O
170,bahan,O
170,alam,O
170,.,O
171,Kunyit,B-HERB
171,(,O
171,Curcuma,O
171,longaL,O
171,.,O
171,),O
171,diketahui,O
171,mengandung,O
171,senyawa,O
171,kurkuminoid,B-COMPOUND
171,",",O
171,terutama,O
171,kurkumin,B-COMPOUND
171,",",O
171,yang,O
171,memiliki,O
171,aktivitas,B-EFFECT
171,antiinflamasi,I-EFFECT
171,.,O
172,Namun,O
172,",",O
172,bioavailabilitas,O
172,kurkumin,B-COMPOUND
172,yang,O
172,rendah,O
172,membatasi,O
172,efektivitasnya,O
172,",",O
172,sehingga,O
172,dikembangkan,O
172,dalam,O
172,bentuk,O
172,nanoemulsi,B-TREATMENT
172,untuk,O
172,meningkatkan,O
172,kelarutan,O
172,dan,O
172,penetrasi,O
172,.,O
173,Penelitian,O
173,ini,O
173,bertujuan,O
173,mengetahui,O
173,aktivitas,B-EFFECT
173,antiinflamasi,I-EFFECT
173,nanoemulsi,B-TREATMENT
173,ekstrak,B-TREATMENT
173,kunyit,B-HERB
173,serta,O
173,menentukan,O
173,dosis,O
173,optimum,O
173,terhadap,O
173,mencit,B-POPULATION
173,jantan,O
173,yang,O
173,diinduksi,O
173,karagenan,O
173,1%,O
173,.,O
174,Ekstraksi,O
174,dilakukan,O
174,menggunakan,O
174,metode,O
174,Ultrasound,O
174,Assisted,O
174,Extractiondengan,O
174,pelarut,O
174,etanol,B-COMPOUND
174,96%,O
174,",",O
174,diikuti,O
174,pembuatan,O
174,nanoemulsi,B-TREATMENT
174,melalui,O
174,metode,O
174,emulsifikasi,O
174,energi,O
174,rendah,O
174,menggunakan,O
174,VCO,O
174,",",O
174,PEG,O
174,40,O
174,",",O
174,dan,O
174,PEG,O
174,400,O
174,.,O
175,Nanoemulsi,B-TREATMENT
175,dievaluasi,O
175,secara,O
175,fisik,O
175,(,O
175,organoleptik,O
175,",",O
175,pH,O
175,",",O
175,viskositas,O
175,",",O
175,stabilitas,O
175,",",O
175,ukuran,O
175,partikel,O
175,),O
175,.,O
176,Rata-rata,O
176,ukuran,O
176,partikel,O
176,sebesar,O
176,"67,72",O
176,±,O
176,"1,21",O
176,nm,O
176,yang,O
176,berada,O
176,dalam,O
176,rentang,O
176,ukuran,O
176,nanoemulsi,B-TREATMENT
176,(,O
176,20,O
176,-,O
176,200,O
176,nm,O
176,),O
176,.,O
177,Uji,O
177,aktivitas,B-EFFECT
177,antiinflamasi,I-EFFECT
177,menggunakan,O
177,metode,O
177,induksi,O
177,karagenan,O
177,menunjukkan,O
177,bahwa,O
177,nanoemulsi,B-TREATMENT
177,ekstrak,B-TREATMENT
177,kunyit,B-HERB
177,menurunkan,O
177,volume,O
177,peradangan,B-DISEASE
177,relatif,O
177,secara,O
177,signifikan,O
177,dibandingkan,O
177,kontrol,O
177,negatif,O
177,(,O
177,Kruskal-Wallis,O
177,",",O
177,p,O
177,=,O
177,"0,009",O
177,),O
177,.,O
178,Nilai,O
178,Area,O
178,Under,O
178,Curve,O
178,(,O
178,AUC,O
178,),O
178,menurun,O
178,seiring,O
178,peningkatan,O
178,dosis,O
178,",",O
178,dengan,O
178,hasil,O
178,terbaik,O
178,pada,O
178,dosis,O
178,200,O
178,mg,O
178,/,O
178,kgBB,O
178,",",O
178,mendekati,O
178,efektivitas,O
178,kontrol,O
178,positif,O
178,(,O
178,kalium,O
178,diklofenak,O
178,"6,5",O
178,mg,O
178,/,O
178,kgBB,O
178,),O
178,.,O
179,Begitu,O
179,pula,O
179,dengan,O
179,persentase,O
179,hambatan,O
179,peradangan,B-DISEASE
179,yang,O
179,cukup,O
179,tinggi,O
179,pada,O
179,menit,O
179,ke,O
179,-,O
179,300,O
179,sebesar,O
179,"83,07%",O
179,(,O
179,200,O
179,mg,O
179,/,O
179,kgBB,O
179,),O
179,.,O
180,Hasil,O
180,ini,O
180,menunjukkan,O
180,bahwa,O
180,nanoemulsi,B-TREATMENT
180,ekstrak,B-TREATMENT
180,kunyit,B-HERB
180,berpotensi,O
180,sebagai,O
180,kandidat,O
180,sediaan,O
180,antiinflamasi,B-EFFECT
180,alami,O
180,yang,O
180,efektif,O
180,",",O
180,ujilanjutan,O
180,diperlukanuji,O
180,toksisitas,O
180,",",O
180,stabilitas,O
180,jangka,O
180,panjang,O
180,",",O
180,serta,O
180,uji,B-METHOD
180,klinis,I-METHOD
180,lebih,O
180,lanjut,O
180,guna,O
180,menjamin,O
180,mutu,O
180,dankeamanansediaan,O
181,Latar,O
181,belakang,O
181,:,O
181,Senyawa,O
181,kurkuminoid,B-COMPOUND
181,terdiri,O
181,dari,O
181,kurkumin,B-COMPOUND
181,",",O
181,desmetoksi,O
181,kurkumin,B-COMPOUND
181,dan,O
181,bisdemetoksi,O
181,kurkumin,B-COMPOUND
181,.,O
182,Cara,O
182,ekstraksi,O
182,sangat,O
182,mempengaruhi,O
182,konsentrasi,O
182,atau,O
182,hilangnya,O
182,efek,O
182,terapi,O
182,dari,O
182,simplisia,O
182,karena,O
182,beberapa,O
182,simplisia,O
182,bersifat,O
182,relatif,O
182,stabil,O
182,dan,O
182,juga,O
182,dapat,O
182,terurai,O
182,tergantung,O
182,dari,O
182,cara,O
182,ekstraksi,O
182,yang,O
182,digunakan,O
182,.,O
183,Tujuan,O
183,:,O
183,Menetapkan,O
183,kadar,O
183,senyawa,O
183,kurkumin,B-COMPOUND
183,dengan,O
183,perbandingan,O
183,metode,B-METHOD
183,ekstraksi,I-METHOD
183,maserasi,B-METHOD
183,dan,O
183,sokletasi,B-METHOD
183,.,O
184,Metode,O
184,:,O
184,Serbuk,B-TREATMENT
184,rimpang,B-HERB
184,kunyit,I-HERB
184,diekstraksi,O
184,dengan,O
184,2,O
184,cara,O
184,yakni,O
184,maserasi,B-METHOD
184,dan,O
184,sokletasi,B-METHOD
184,.,O
185,Dua,O
185,sampel,O
185,ekstrak,B-TREATMENT
185,tersebut,O
185,dianalisis,O
185,kualitatif,O
185,dengan,O
185,KLT,B-METHOD
185,menggunakan,O
185,fase,O
185,gerak,O
185,kloroform,O
185,:,O
185,metanol,B-COMPOUND
185,"9,5",O
185,:,O
185,"0,5",O
185,dan,O
185,dideteksi,O
185,pada,O
185,sinar,O
185,tampak,O
185,dan,O
185,sinar,O
185,UV,O
185,.,O
186,Penetapan,O
186,kadar,O
186,kurkumin,B-COMPOUND
186,dilakukan,O
186,pada,O
186,panjang,O
186,gelombang,O
186,254,O
186,nm,O
186,dengan,O
186,KLT,B-METHOD
186,densitometer,O
186,.,O
187,Hasil,O
187,:,O
187,Rendmen,O
187,ekstrak,B-TREATMENT
187,hasil,O
187,ekstraksi,O
187,maserasi,B-METHOD
187,adalah,O
187,"16,25%",O
187,dan,O
187,"22,36%",O
187,untuk,O
187,sokletasi,B-METHOD
187,.,O
188,Hasil,O
188,skrining,O
188,fitokimia,O
188,kedua,O
188,sampel,O
188,mengandung,O
188,senyawa,O
188,fenolik,B-COMPOUND
188,",",O
188,flavonoid,B-COMPOUND
188,dan,O
188,triterpenoid,B-COMPOUND
188,.,O
189,Kadar,O
189,kurkumin,B-COMPOUND
189,hasil,O
189,maserasi,B-METHOD
189,"41,11",O
189,g,O
189,/,O
189,ml,O
189,dan,O
189,sokletasi,B-METHOD
189,"41,33",O
189,g,O
189,/,O
189,ml,O
189,.,O
190,Hasil,O
190,uji,B-METHOD
190,t,I-METHOD
190,diperoleh,O
190,signifikansi,O
190,"0,445",O
191,Abstrak,O
191,Kasus,O
191,emesis,B-DISEASE
191,gravidarum,I-DISEASE
191,di,O
191,Indonesia,O
191,terdapat,O
191,50,O
191,-,O
191,90%,O
191,yang,O
191,dialami,O
191,oleh,O
191,ibu,B-POPULATION
191,hamil,I-POPULATION
191,.,O
192,Di,O
192,Kota,O
192,Padang,O
192,pada,O
192,bulan,O
192,Agustus,O
192,2016,O
192,dan,O
192,Februari,O
192,2017,O
192,sebanyak,O
192,86%,O
192,ibu,B-POPULATION
192,hamil,I-POPULATION
192,mengalami,O
192,emesis,B-DISEASE
192,gravidarum,I-DISEASE
192,pada,O
192,awal,O
192,kehamilan,B-POPULATION
192,.,O
193,Tujuan,O
193,penelitian,O
193,ini,O
193,untuk,O
193,melihat,O
193,pengaruh,O
193,minuman,B-TREATMENT
193,jahe,I-TREATMENT
193,terhadap,O
193,emesis,B-DISEASE
193,gravidarum,I-DISEASE
193,pada,O
193,ibu,B-POPULATION
193,hamil,I-POPULATION
193,trimester,O
193,I,O
193,di,O
193,wilayah,O
193,kerja,O
193,Puskesmas,O
193,Lubuk,O
193,Buaya,O
193,Padang,O
193,Tahun,O
193,2019,O
193,.,O
194,Jenis,O
194,penelitian,O
194,ini,O
194,adalah,O
194,penelitian,O
194,pra,O
194,eksperimen,O
194,one,O
194,grup,O
194,Pretest,O
194,and,O
194,Postest,O
194,design,O
194,.,O
195,Penelitian,O
195,ini,O
195,telah,O
195,dilakukan,O
195,pada,O
195,tanggal,O
195,09,O
195,Mei,O
195,-,O
195,4,O
195,Juni,O
195,2019,O
195,di,O
195,wilayah,O
195,kerja,O
195,Puskesmas,O
195,Lubuk,O
195,Buaya,O
195,Padang,O
195,.,O
196,Populasi,O
196,penelitian,O
196,ini,O
196,adalah,O
196,ibu,B-POPULATION
196,hamil,I-POPULATION
196,trimester,O
196,I,O
196,dengan,O
196,jumlah,O
196,sampel,O
196,sebanyak,O
196,16,O
196,responden,O
196,",",O
196,teknik,O
196,pengambilan,O
196,sampel,O
196,menggunakan,O
196,Purposive,O
196,sampling,O
196,.,O
197,Hasil,O
197,penelitian,O
197,menunjukkan,O
197,bahwa,O
197,rerata,O
197,skor,O
197,emesis,B-DISEASE
197,gravidarum,I-DISEASE
197,sebelum,O
197,diberi,O
197,minuman,B-TREATMENT
197,jahe,I-TREATMENT
197,yaitu,O
197,"7,19",O
197,dan,O
197,setelah,O
197,diberi,O
197,minuman,B-TREATMENT
197,jahe,I-TREATMENT
197,yaitu,O
197,"5,00",O
197,.,O
198,Hubungan,O
198,minuman,B-TREATMENT
198,jahe,I-TREATMENT
198,dengan,O
198,penurunan,O
198,frekuensi,O
198,emesis,B-DISEASE
198,gravidarum,I-DISEASE
198,didapatkan,O
198,p,O
198,value,O
198,=,O
198,"0,000",O
199,Mual,B-DISEASE
199,dan,O
199,muntah,B-DISEASE
199,merupakan,O
199,keluhan,O
199,yang,O
199,banyak,O
199,dialami,O
199,oleh,O
199,wanita,B-POPULATION
199,hamil,I-POPULATION
199,terutama,O
199,pada,O
199,trimester,O
199,pertama,O
199,.,O
200,Hal,O
200,tersebut,O
200,berhubungan,O
200,dengan,O
200,beberapa,O
200,faktor,O
200,",",O
200,salah,O
200,satu,O
200,faktor,O
200,yang,O
200,paling,O
200,sering,O
200,adalah,O
200,hormon,O
200,.,O
201,Pada,O
201,wanita,B-POPULATION
201,hamil,I-POPULATION
201,",",O
201,kadar,O
201,hormon,O
201,estrogen,O
201,dan,O
201,Human,O
201,Chorionic,O
201,Gonadotropin,O
201,(,O
201,hCG,O
201,),O
201,meningkat,O
201,di,O
201,dalam,O
201,darah,B-BODY_PART
201,sehingga,O
201,memicu,O
201,rasa,O
201,tidak,O
201,nyaman,O
201,di,O
201,perut,O
201,dan,O
201,menimbulkan,O
201,keluhan,O
201,mual,B-DISEASE
201,muntah,I-DISEASE
201,.,O
202,Meskipun,O
202,keluhan,O
202,ini,O
202,merupakan,O
202,hal,O
202,yang,O
202,normal,O
202,terjadi,O
202,pada,O
202,setiap,O
202,wanita,B-POPULATION
202,hamil,I-POPULATION
202,",",O
202,tetapi,O
202,hal,O
202,tersebut,O
202,juga,O
202,mengganggu,O
202,kenyamanan,O
202,dan,O
202,dapat,O
202,mempengaruhi,O
202,keadaan,O
202,fisiologis,O
202,tubuh,B-BODY_PART
202,ibu,O
202,.,O
203,Saat,O
203,muntah,B-DISEASE
203,",",O
203,banyak,O
203,zat,O
203,makanan,O
203,dan,O
203,cairan,O
203,yang,O
203,keluar,O
203,lagi,O
203,setelah,O
203,makanan,O
203,masuk,O
203,ke,O
203,lambung,B-BODY_PART
203,.,O
204,Apabila,O
204,hal,O
204,ini,O
204,terjadi,O
204,secara,O
204,berlebihan,O
204,dan,O
204,terus,O
204,menerus,O
204,",",O
204,keluhan,O
204,mual,B-DISEASE
204,muntah,I-DISEASE
204,yang,O
204,merupakan,O
204,keadaan,O
204,fisiologis,O
204,ini,O
204,akan,O
204,berubah,O
204,menjadi,O
204,keadaan,O
204,patologis,O
204,yang,O
204,berdampak,O
204,buruk,O
204,dan,O
204,membahayakan,O
204,tubuh,B-BODY_PART
204,ibu,O
204,serta,O
204,janin,O
204,yang,O
204,dikandungnya,O
204,.,O
205,Maka,O
205,dari,O
205,itu,O
205,",",O
205,banyak,O
205,upaya,O
205,dilakukan,O
205,untuk,O
205,mengurangi,O
205,keluhan,O
205,mual,B-DISEASE
205,muntah,I-DISEASE
205,tersebut,O
205,salah,O
205,satunya,O
205,adalah,O
205,dengan,O
205,memberi,O
205,rebusan,B-TREATMENT
205,jahe,B-HERB
205,yang,O
205,banyak,O
205,dipakai,O
205,masyarakat,B-POPULATION
205,sebagai,O
205,obat,B-TREATMENT
205,herbal,I-TREATMENT
205,.,O
206,Jahe,B-HERB
206,mengandung,O
206,beberapa,O
206,zat,O
206,seperti,O
206,resin,O
206,",",O
206,minyak,B-COMPOUND
206,atsiri,I-COMPOUND
206,",",O
206,zingiberol,O
206,",",O
206,dan,O
206,vitamin,O
206,A,O
206,yang,O
206,dapat,O
206,memberi,O
206,efek,O
206,pada,O
206,saluran,O
206,pencernaan,O
206,dan,O
206,mengurangi,O
206,rasa,O
206,mual,B-DISEASE
206,muntah,I-DISEASE
206,.,O
207,Asma,B-DISEASE
207,merupakan,O
207,penyakit,O
207,inflamasi,B-DISEASE
207,kronik,O
207,pada,O
207,saluran,B-BODY_PART
207,nafas,I-BODY_PART
207,yang,O
207,ditandai,O
207,dengan,O
207,sesak,O
207,nafas,O
207,",",O
207,batuk,O
207,",",O
207,nyeri,B-DISEASE
207,dada,O
207,",",O
207,mengi,O
207,yang,O
207,terdapat,O
207,peran,O
207,sel-sel,O
207,inflamasi,B-DISEASE
207,seperti,O
207,eosinofil,O
207,",",O
207,neutrofil,O
207,",",O
207,limfosit,O
207,dan,O
207,lain-lain,O
207,.,O
208,Jahe,B-HERB
208,merah,I-HERB
208,sejak,O
208,lama,O
208,terbukti,O
208,mempunyai,O
208,aktivitas,O
208,farmakologis,O
208,dan,O
208,sudah,O
208,digunakan,O
208,sebagai,O
208,obat,B-TREATMENT
208,tradisional,I-TREATMENT
208,.,O
209,Tujuan,O
209,dari,O
209,penelitian,O
209,ini,O
209,adalah,O
209,membuktikan,O
209,pengaruh,O
209,ekstrak,B-TREATMENT
209,jahe,B-HERB
209,merah,I-HERB
209,terhadap,O
209,penurunan,O
209,jumlah,O
209,eosinofil,O
209,dan,O
209,sel,B-BODY_PART
209,mast,O
209,pada,O
209,mencit,B-POPULATION
209,asma,B-DISEASE
209,.,O
210,Sebanyak,O
210,20,O
210,ekor,O
210,mencit,B-POPULATION
210,Balb,O
210,/,O
210,C,O
210,yang,O
210,memenuhi,O
210,kriteria,O
210,inklusi,O
210,dibagi,O
210,menjadi,O
210,4,O
210,kelompok,O
210,yaitu,O
210,kontrol,O
210,normal,O
210,(,O
210,K,O
210,1,O
210,),O
210,",",O
210,kontrol,O
210,negatif,O
210,(,O
210,K,O
210,2,O
210,),O
210,",",O
210,kontrol,O
210,positif,O
210,/,O
210,deksametason,O
210,(,O
210,K,O
210,3,O
210,),O
210,",",O
210,kelompok,O
210,ekstrak,B-TREATMENT
210,jahe,B-HERB
210,merah,I-HERB
210,(,O
210,K,O
210,4,O
210,),O
210,.,O
211,Pada,O
211,hari,O
211,ke,O
211,0,O
211,dan,O
211,7,O
211,",",O
211,mencit,B-POPULATION
211,disensitisasi,O
211,dengan,O
211,Ovalbumin,O
211,secara,O
211,intraperitoneal,O
211,Pada,O
211,hari,O
211,ke,O
211,14,O
211,",",O
211,16,O
211,",",O
211,18,O
211,mencit,B-POPULATION
211,disensitisasi,O
211,ulang,O
211,dengan,O
211,inhalasi,O
211,menggunakan,O
211,OVA,O
211,1%,O
211,dalam,O
211,NaCl,O
211,"0,9%",O
211,steril,O
211,pada,O
211,hari,O
211,ke,O
211,18,O
211,sampai,O
211,25,O
211,",",O
211,kelompok,O
211,K,O
211,1,O
211,dan,O
211,K,O
211,2,O
211,diberi,O
211,CMC,O
211,.,O
212,Na,O
212,",",O
212,kelompok,O
212,K,O
212,3,O
212,diberi,O
212,deksametason,O
212,"1,3",O
212,?,O
213,/,O
213,hari,O
213,",",O
213,kelompok,O
213,K,O
213,4,O
213,diberi,O
213,ekstrak,B-TREATMENT
213,jame,O
213,merah,O
213,"3,9",O
213,mg,O
213,/,O
213,hari,O
213,",",O
213,Tiap,O
213,perlakuan,O
213,dilakukan,O
213,pada,O
213,waktu,O
213,yang,O
213,sama,O
213,.,O
214,Pada,O
214,hari,O
214,terakhir,O
214,inhalasi,O
214,dimulai,O
214,hari,O
214,ke,O
214,-,O
214,18,O
214,",",O
214,ke,O
214,-,O
214,19,O
214,",",O
214,ke,O
214,-,O
214,20,O
214,",",O
214,ke,O
214,-,O
214,21,O
214,",",O
214,ke,O
214,-,O
214,22,O
214,",",O
214,ke,O
214,-,O
214,23,O
214,",",O
214,ke,O
214,-,O
214,24,O
214,",",O
214,ke,O
214,-,O
214,25,O
214,.,O
215,pada,O
215,hari,O
215,ke,O
215,25,O
215,mencit,B-POPULATION
215,diterminasi,O
215,untuk,O
215,dianalisis,O
215,jumlah,O
215,eosinofil,O
215,dan,O
215,jumlah,O
215,sel,B-BODY_PART
215,mast,O
215,yang,O
215,stabil,O
215,.,O
216,Ekstrak,B-TREATMENT
216,jahe,B-HERB
216,merah,I-HERB
216,dapat,O
216,menurunkan,O
216,jumlah,O
216,eosinofil,O
216,mencit,B-POPULATION
216,asma,B-DISEASE
216,dibandingkan,O
216,dengan,O
216,kelompok,O
216,negatif,O
216,nilai,O
216,p,O
216,>,O
216,0,O
216,.,O
217,05,O
217,Eksrak,O
217,jahe,B-HERB
217,merah,I-HERB
217,dapat,O
217,menurunkan,O
217,degranulasi,O
217,sel,B-BODY_PART
217,mast,O
217,mencit,B-POPULATION
217,asma,B-DISEASE
217,dibandingkan,O
217,dengan,O
217,kelompok,O
217,negatif,O
217,nilai,O
217,p,O
217,>,O
217,0,O
217,.,O
218,05,O
218,.,O
219,Kesimpulan,O
219,",",O
219,ekstrak,B-TREATMENT
219,jahe,B-HERB
219,merah,I-HERB
219,terbukti,O
219,secara,O
219,statistic,O
219,signifikan,O
219,menurunkan,O
219,jumlah,O
219,eosinofil,O
219,dan,O
219,mencegah,O
219,degranulasi,O
219,sel,B-BODY_PART
219,mast,O
219,.,O
220,Jahe,B-HERB
220,merah,I-HERB
220,(,O
220,Zingiber,B-HERB
220,officinale,I-HERB
220,),O
220,merupakan,O
220,tanaman,O
220,yang,O
220,sudah,O
220,banyak,O
220,diteliti,O
220,dan,O
220,memiliki,O
220,kemampuan,O
220,antiinflamasi,B-EFFECT
220,terutama,O
220,dalam,O
220,menghambat,O
220,proses,O
220,denaturasi,B-METHOD
220,protein,I-METHOD
220,yang,O
220,terjadi,O
220,pada,O
220,proses,O
220,inflamasi,B-DISEASE
220,.,O
221,Penelitian,O
221,ini,O
221,ekstrak,B-TREATMENT
221,jahe,B-HERB
221,merah,I-HERB
221,diaplikasikan,O
221,ke,O
221,dalam,O
221,sediaan,B-TREATMENT
221,hidrogel,I-TREATMENT
221,dengan,O
221,basis,O
221,gelling,O
221,agent,O
221,natrium,O
221,karboksimetilselulosa,O
221,.,O
222,Sediaan,B-TREATMENT
222,hidrogel,I-TREATMENT
222,kemudian,O
222,dilakukan,O
222,uji,O
222,stabilitas,O
222,hingga,O
222,hari,O
222,ke,O
222,21,O
222,dan,O
222,dievaluasi,O
222,terhadap,O
222,daya,O
222,antiinflamasi,B-EFFECT
222,kepada,O
222,hewan,B-POPULATION
222,uji,I-POPULATION
222,tikus,B-POPULATION
222,jantan,O
222,galur,O
222,wistar,B-POPULATION
222,.,O
223,Hasil,O
223,penelitian,O
223,pada,O
223,sediaan,B-TREATMENT
223,hidrogel,I-TREATMENT
223,ekstrak,B-TREATMENT
223,jahe,B-HERB
223,merah,I-HERB
223,ini,O
223,menunjukkan,O
223,hasil,O
223,stabilitas,O
223,fisik,O
223,yang,O
223,baik,O
223,",",O
223,pH,O
223,",",O
223,viskositas,O
223,",",O
223,daya,O
223,sebar,O
223,dan,O
223,daya,O
223,lekat,O
223,yang,O
223,baik,O
223,dan,O
223,memenuhi,O
223,persyaratan,O
223,sediaan,B-TREATMENT
223,gel,I-TREATMENT
223,.,O
224,Hasil,O
224,uji,O
224,daya,O
224,antiinflamasi,B-EFFECT
224,pada,O
224,hewan,B-POPULATION
224,uji,I-POPULATION
224,tikus,B-POPULATION
224,jantan,O
224,galur,O
224,wistar,B-POPULATION
224,pada,O
224,hidrogel,B-TREATMENT
224,ekstrak,B-TREATMENT
224,jahe,B-HERB
224,merah,I-HERB
224,dengan,O
224,basis,O
224,gelling,O
224,agent,O
224,CMC,O
224,Na,O
224,memberikan,O
224,perbedaan,O
224,yang,O
224,bermakna,O
224,dengan,O
224,kontrol,O
224,(,O
224,P,O
224,<,O
224,"0,05",O
224,),O
224,.,O
225,Jahe,B-HERB
225,merah,I-HERB
225,(,O
225,Zingiber,B-HERB
225,officinale,I-HERB
225,Roscoe,I-HERB
225,),O
225,merupakan,O
225,salah,O
225,satu,O
225,varietas,O
225,jahe,B-HERB
225,yang,O
225,beredar,O
225,luas,O
225,di,O
225,masyarakat,B-POPULATION
225,.,O
226,Sifat,O
226,khas,O
226,jahe,B-HERB
226,merah,I-HERB
226,adalah,O
226,beraroma,O
226,harum,O
226,dan,O
226,berasa,O
226,pedas,O
226,.,O
227,Komponen,O
227,utama,O
227,pembentuk,O
227,rasa,O
227,pedas,O
227,pada,O
227,jahe,B-HERB
227,merah,I-HERB
227,ialah,O
227,gingerol,B-COMPOUND
227,dan,O
227,shogaol,B-COMPOUND
227,.,O
228,Adapun,O
228,tujuan,O
228,penelitian,O
228,ini,O
228,dilakukan,O
228,adalah,O
228,untuk,O
228,mengetahui,O
228,kualitas,O
228,ekstrak,B-TREATMENT
228,jahe,B-HERB
228,merah,I-HERB
228,berdasarkan,O
228,SNI,O
228,-,O
228,06,O
228,-,O
228,1313,O
228,-,O
228,1998,O
228,",",O
228,golongan,O
228,metabolit,O
228,sekunder,O
228,serta,O
228,kandungan,O
228,gingerol,B-COMPOUND
228,dan,O
228,shogaol,B-COMPOUND
228,jahe,B-HERB
228,merah,I-HERB
228,.,O
229,Metode,O
229,yang,O
229,digunakan,O
229,untuk,O
229,mendapatkan,O
229,ekstrak,B-TREATMENT
229,jahe,B-HERB
229,merah,I-HERB
229,adalah,O
229,dengan,O
229,cara,O
229,simplisia,O
229,jahe,B-HERB
229,dimaserasi,O
229,bertingkat,O
229,menggunakan,O
229,pelarut,O
229,n-heksan,O
229,",",O
229,etil,O
229,asetat,O
229,dan,O
229,etanol,B-COMPOUND
229,.,O
230,Penelitian,O
230,diawali,O
230,dengan,O
230,uji,O
230,kualitas,O
230,ekstrak,B-TREATMENT
230,jahe,B-HERB
230,merah,I-HERB
230,dan,O
230,fitokima,O
230,.,O
231,Uji,O
231,fitokimia,O
231,dilakukan,O
231,untuk,O
231,mengetahui,O
231,golongan,O
231,metabolit,O
231,sekunder,O
231,yang,O
231,dimiliki,O
231,jahe,B-HERB
231,merah,I-HERB
231,.,O
232,Senyawa,O
232,gingerol,B-COMPOUND
232,dan,O
232,shogaol,B-COMPOUND
232,termasuk,O
232,senyawa,O
232,fenolik,B-COMPOUND
232,sehingga,O
232,pada,O
232,uji,O
232,fitokimia,O
232,ditandai,O
232,dengan,O
232,adanya,O
232,reaksi,O
232,positif,O
232,pada,O
232,golongan,O
232,flavonoid,B-COMPOUND
232,",",O
232,saponin,B-COMPOUND
232,dan,O
232,tanin,B-COMPOUND
232,.,O
233,Kadar,O
233,gingerol,B-COMPOUND
233,dan,O
233,shogaol,B-COMPOUND
233,pada,O
233,masing-masing,O
233,fraksi,O
233,diuji,O
233,dengan,O
233,menggunakan,O
233,kromatografi,B-METHOD
233,cair,I-METHOD
233,kinerja,I-METHOD
233,tinggi,I-METHOD
233,(,O
233,KCKT,O
233,),O
233,.,O
234,Hasil,O
234,penelitian,O
234,menunjukkan,O
234,rendemen,O
234,ekstrak,B-TREATMENT
234,jahe,B-HERB
234,merah,I-HERB
234,tertinggi,O
234,sebesar,O
234,"12,91%",O
234,pada,O
234,pelarut,O
234,etanol,B-COMPOUND
234,.,O
235,Hasil,O
235,bilangan,O
235,ester,O
235,dari,O
235,ekstrak,B-TREATMENT
235,heksana,O
235,"11,56",O
235,",",O
235,ekstrak,B-TREATMENT
235,etil,O
235,asetat,O
235,"14,36",O
235,dan,O
235,ekstrak,B-TREATMENT
235,etanol,I-TREATMENT
235,"13,20",O
235,sehingga,O
235,kualitas,O
235,minyak,O
235,memenuhi,O
235,syarat,O
235,SNI,O
235,06,O
235,1312,O
235,-,O
235,1998,O
235,yaitu,O
235,maks,O
235,15,O
235,mg,O
235,KOH,O
235,/,O
235,g,O
235,sedangkan,O
235,untuk,O
235,minyak,O
235,lemak,B-COMPOUND
235,hasilnya,O
235,negative,O
235,.,O
236,Pengujian,O
236,fitokimia,O
236,ekstrak,B-TREATMENT
236,jahe,B-HERB
236,merah,I-HERB
236,mengandung,O
236,alkaloid,B-COMPOUND
236,",",O
236,flavonoid,B-COMPOUND
236,",",O
236,terpenoid,B-COMPOUND
236,",",O
236,saponin,B-COMPOUND
236,dan,O
236,tanin,B-COMPOUND
236,.,O
237,Kandungan,O
237,tertinggi,O
237,6,O
237,-,O
237,gingerol,B-COMPOUND
237,terdapat,O
237,pada,O
237,pelarut,O
237,etil,O
237,asetat,O
237,sebesar,O
237,"19,02",O
237,%,O
237,",",O
237,kandungan,O
237,8,O
237,-,O
237,gingerol,B-COMPOUND
237,tertinggi,O
237,pada,O
237,pelarut,O
237,heksana,O
237,sebesar,O
237,"4,49",O
237,%,O
237,",",O
237,kandungan,O
237,10,O
237,-,O
237,gingerol,B-COMPOUND
237,tertinggi,O
237,pada,O
237,pelarut,O
237,heksana,O
237,sebesar,O
237,"4,17",O
237,%,O
237,dan,O
237,kandungan,O
237,6,O
237,-,O
237,shogaol,B-COMPOUND
237,tertinggi,O
237,pada,O
237,pelarut,O
237,heksana,O
237,sebesar,O
237,"4,71",O
237,%,O
237,.,O
238,Sistem,O
238,imun,O
238,merupakan,O
238,kumpulan,O
238,mekanisme,O
238,dalam,O
238,suatu,O
238,mahluk,O
238,hidup,O
238,yang,O
238,melindunginya,O
238,terhadap,O
238,infeksi,B-DISEASE
238,dengan,O
238,mengidentifikasi,O
238,dan,O
238,membunuh,O
238,substansi,O
238,patogen,O
238,.,O
239,Sel,B-BODY_PART
239,yang,O
239,terlibat,O
239,dalam,O
239,sistem,O
239,imun,O
239,dalam,O
239,tubuh,B-BODY_PART
239,adalah,O
239,sel,B-BODY_PART
239,T,O
239,yang,O
239,dihasilkan,O
239,oleh,O
239,timus,O
239,dan,O
239,sel,B-BODY_PART
239,B,O
239,yang,O
239,dihasilkan,O
239,di,O
239,sumsum,O
239,tulang,O
239,belakang,O
239,.,O
240,Perkembangan,O
240,dan,O
240,aktivitas,O
240,dari,O
240,sel,B-BODY_PART
240,T,O
240,dapat,O
240,distimulasi,O
240,dengan,O
240,cara,O
240,penambahan,O
240,suatu,O
240,immunomodulator,O
240,.,O
241,Salah,O
241,satu,O
241,tanaman,O
241,obat,O
241,yang,O
241,mempunyai,O
241,aktivitas,O
241,sebagai,O
241,imunomodulator,B-EFFECT
241,adalah,O
241,sambiloto,B-HERB
241,(,O
241,Andrographis,B-HERB
241,paniculata,I-HERB
241,Ness,I-HERB
241,),O
241,.,O
242,sambiloto,B-HERB
242,mengandung,O
242,deoxyandrographolide,O
242,",",O
242,andrographolide,B-COMPOUND
242,",",O
242,14,O
242,-,O
242,deoxy,O
242,-,O
242,11,O
242,",",O
242,neoandrographolide,O
242,",",O
242,12,O
242,-,O
242,didehydroandrographolide,O
242,",",O
242,homoandrographolide,O
242,",",O
242,diterpenoid,O
242,dan,O
242,flavonoid,B-COMPOUND
242,.,O
243,Sambiloto,B-HERB
243,memiliki,O
243,senyawa,O
243,aktif,O
243,bernama,O
243,andrografolid,B-COMPOUND
243,",",O
243,dimana,O
243,senyawa,O
243,ini,O
243,dapat,O
243,berperan,O
243,sebagai,O
243,immunomodulator,O
243,khususnya,O
243,imunostimulan,O
243,yang,O
243,mampu,O
243,meningkatkan,O
243,kerja,O
243,sistem,O
243,imun,O
243,.,O
244,Kandungan,O
244,andrografolid,B-COMPOUND
244,didalamnya,O
244,mampu,O
244,meningkatkan,O
244,fungsi,O
244,sistem,O
244,pertahanan,O
244,tubuh,B-BODY_PART
244,seperti,O
244,sel,B-BODY_PART
244,darah,B-BODY_PART
244,putih,O
244,untuk,O
244,menyerang,O
244,bakteri,O
244,dan,O
244,antigen,O
244,lainnya,O
244,(,O
244,immunomodulator,O
244,),O
244,",",O
244,flavonoid,B-COMPOUND
244,sebagai,O
244,antiinflamasi,B-EFFECT
244,",",O
244,dan,O
244,tanin,B-COMPOUND
244,sebagai,O
244,antidiare,O
244,.,O
245,Tanaman,O
245,sambiloto,B-HERB
245,juga,O
245,bisa,O
245,menjadi,O
245,imunosupresor,O
245,yang,O
245,dapat,O
245,menurunkan,O
245,respon,O
245,kekebalan,O
245,tubuh,B-BODY_PART
245,saat,O
245,sistem,O
245,kekebalan,O
245,tubuh,B-BODY_PART
245,meningkat,O
245,melebihi,O
245,kondisi,O
245,tubuh,B-BODY_PART
245,normal,O
245,.,O
246,Tetapi,O
246,sampai,O
246,saat,O
246,ini,O
246,jarang,O
246,ditemui,O
246,efek,O
246,samping,O
246,yang,O
246,tidak,O
246,diinginkan,O
246,saat,O
246,sambiloto,B-HERB
246,digunakan,O
246,.,O
247,Banyak,O
247,orang,B-POPULATION
247,yang,O
247,memutuskan,O
247,untuk,O
247,mencari,O
247,oba,O
247,alternatif,O
247,untuk,O
247,penyakit,O
247,diabetes,B-DISEASE
247,melitus,I-DISEASE
247,yang,O
247,lebih,O
247,minim,O
247,akan,O
247,efek,O
247,samping,O
247,seperti,O
247,tanaman,O
247,herbal,O
247,.,O
248,Salah,O
248,satu,O
248,tumbuhan,O
248,yang,O
248,sering,O
248,dijadikan,O
248,sebagai,O
248,obat,O
248,alternatif,O
248,untuk,O
248,diabetes,B-DISEASE
248,adalah,O
248,daun,B-HERB
248,sambiloto,I-HERB
248,.,O
249,Tanaman,O
249,sambiloto,B-HERB
249,memiliki,O
249,beberapa,O
249,kandungan,O
249,yang,O
249,bersifat,O
249,antidiabetes,B-EFFECT
249,.,O
250,Tujuan,O
250,dilakukannya,O
250,literature,B-METHOD
250,review,I-METHOD
250,ini,O
250,adalah,O
250,untuk,O
250,mengetahui,O
250,potensi,O
250,dari,O
250,ekstrak,B-TREATMENT
250,daun,B-HERB
250,sambiloto,I-HERB
250,sebagai,O
250,obatantidiabetes,O
250,.,O
251,Sumber,O
251,referensi,O
251,yang,O
251,digunakan,O
251,untuk,O
251,menyusun,O
251,tulisan,O
251,ini,O
251,meliputi,O
251,20,O
251,artikel,O
251,yang,O
251,didapat,O
251,dengan,O
251,melakukan,O
251,literature,O
251,searching,O
251,di,O
251,Sumber,O
251,NCBI,O
251,dan,O
251,google,O
251,schoolar,O
251,yang,O
251,dipublikasikan,O
251,dalam,O
251,rentang,O
251,tahun,O
251,2000,O
251,-,O
251,2021,O
251,.,O
252,Literature,O
252,sarchingtersebut,O
252,dilakukan,O
252,dengan,O
252,menggunakan,O
252,kata,O
252,kunciAndrographis,O
252,paniculata,O
252,",",O
252,antidiabeticdan,O
252,juga,O
252,filter,O
252,berupa,O
252,rentang,O
252,publikasitahun,O
252,2000,O
252,-,O
252,2021,O
252,.,O
253,Hasil,O
253,yang,O
253,ditemukan,O
253,dari,O
253,literature,O
253,searching,O
253,ini,O
253,adalah,O
253,1036,O
253,artikel,O
253,yang,O
253,kemudian,O
253,dipilih,O
253,20,O
253,artikel,O
253,berdasarkaninformasi,O
253,yang,O
253,dibutuhkan,O
253,.,O
254,Hasil,O
254,literature,B-METHOD
254,review,I-METHOD
254,ini,O
254,berupaekstrak,O
254,daun,B-HERB
254,sambiloto,I-HERB
254,memiliki,O
254,potensi,O
254,yang,O
254,cukup,O
254,baik,O
254,sebagai,O
254,obat,O
254,antidiabetes,B-EFFECT
254,karena,O
254,mengandung,O
254,beberapa,O
254,senyawa,O
254,seperti,O
254,andrografolid,B-COMPOUND
254,",",O
254,",",O
254,andrografin,O
254,",",O
254,flavonoid,B-COMPOUND
254,",",O
254,penikulin,O
254,dan,O
254,senyawa-senyawa,O
254,lainnyayangjugadapat,O
254,bertindaksebagai,O
254,antidiabetes,B-EFFECT
254,.,O
255,Diabetes,B-DISEASE
255,melitus,I-DISEASE
255,adalah,O
255,peningkatan,O
255,kadar,B-DISEASE
255,glukosa,B-COMPOUND
255,darah,B-BODY_PART
255,karena,O
255,ketidakmampuan,O
255,pankreas,B-BODY_PART
255,untuk,O
255,menghasilkan,O
255,insulin,B-COMPOUND
255,",",O
255,kerja,O
255,insulin,B-COMPOUND
255,",",O
255,atau,O
255,kedua-duanya,O
255,.,O
256,Saat,O
256,ini,O
256,masyarakat,B-POPULATION
256,lebih,O
256,memilih,O
256,pengobatan,O
256,alternatif,O
256,menggunakan,O
256,obat,B-TREATMENT
256,herbal,I-TREATMENT
256,karena,O
256,memiliki,O
256,efek,O
256,samping,O
256,yang,O
256,sedikit,O
256,",",O
256,mudah,O
256,dijangkau,O
256,baik,O
256,dari,O
256,segi,O
256,harga,O
256,maupun,O
256,ketersediaanya,O
256,.,O
257,Sambiloto,B-HERB
257,(,O
257,Andrographis,B-HERB
257,paniculata,I-HERB
257,Ness,I-HERB
257,),O
257,merupakan,O
257,obat,B-TREATMENT
257,tradisional,I-TREATMENT
257,yang,O
257,banyak,O
257,digunakan,O
257,masyarakat,B-POPULATION
257,Indonesia,O
257,sebagai,O
257,penurun,O
257,glukosa,B-COMPOUND
257,darah,B-BODY_PART
257,karena,O
257,memiliki,O
257,kandungan,O
257,berupa,O
257,andrographolide,B-COMPOUND
257,dan,O
257,flavonoid,B-COMPOUND
257,.,O
258,Penelitian,O
258,ini,O
258,bertujuan,O
258,untuk,O
258,mengetahui,O
258,ada,O
258,tidaknya,O
258,efek,O
258,antidiabetes,B-EFFECT
258,ekstrak,B-TREATMENT
258,herba,O
258,daun,B-HERB
258,sambiloto,I-HERB
258,pada,O
258,tikus,B-POPULATION
258,putih,I-POPULATION
258,(,O
258,Rattus,B-POPULATION
258,norvegicus,I-POPULATION
258,),O
258,jantan,O
258,diabetes,B-DISEASE
258,.,O
259,Penelitian,O
259,ini,O
259,menggunakan,O
259,rancangan,O
259,penelitian,O
259,Pretest-Posttest,O
259,Control,O
259,Group,O
259,Design,O
259,.,O
260,Bahan,O
260,yang,O
260,digunakan,O
260,adalah,O
260,ekstrak,B-TREATMENT
260,daun,B-HERB
260,sambiloto,I-HERB
260,.,O
261,Subjek,O
261,sebanyak,O
261,25,O
261,ekor,O
261,tikus,B-POPULATION
261,dibagi,O
261,menjadi,O
261,5,O
261,kelompok,O
261,",",O
261,yaitu,O
261,K,O
261,1,O
261,(,O
261,Na-CMC,O
261,"0,5%",O
261,),O
261,",",O
261,K,O
261,2,O
261,(,O
261,metformin,B-COMPOUND
261,45,O
261,mg,O
261,/,O
261,kgBB,O
261,),O
261,",",O
261,K,O
261,3,O
261,(,O
261,ekstrak,B-TREATMENT
261,100,O
261,mg,O
261,/,O
261,kgBB,O
261,),O
261,",",O
261,K,O
261,4,O
261,(,O
261,ekstrak,B-TREATMENT
261,200,O
261,mg,O
261,/,O
261,kgBB,O
261,),O
261,",",O
261,dan,O
261,K,O
261,5,O
261,(,O
261,ekstrak,B-TREATMENT
261,400,O
261,mg,O
261,/,O
261,kgBB,O
261,),O
261,.,O
262,UjiOne,O
262,Way,O
262,Annova,O
262,menunjukkan,O
262,terdapat,O
262,perbedaan,O
262,signifikan,O
262,pada,O
262,kelima,O
262,kelompok,O
262,perlakuan,O
262,dengan,O
262,nilai,O
262,p,O
262,=,O
262,"0,000",O
262,(,O
262,p,O
262,<,O
262,"0,05",O
262,),O
262,.,O
263,Uji,O
263,post,O
263,hoc,O
263,LSD,O
263,menunjukkan,O
263,perbedaan,O
263,signifikan,O
263,antara,O
263,K,O
263,3,O
263,terhadap,O
263,K,O
263,1,O
263,",",O
263,K,O
263,2,O
263,",",O
263,K,O
263,5,O
263,dan,O
263,berbeda,O
263,tidak,O
263,signifikan,O
263,terhadap,O
263,K,O
263,4,O
263,.,O
264,Berdasarkan,O
264,hasil,O
264,penelitian,O
264,",",O
264,ekstrak,B-TREATMENT
264,daun,B-HERB
264,sambiloto,I-HERB
264,(,O
264,Andrographis,B-HERB
264,panicula,I-HERB
264,),O
264,400,O
264,mg,O
264,/,O
264,kgBB,O
264,dapat,O
264,menurunkan,B-EFFECT
264,kadar,I-EFFECT
264,glukosa,I-EFFECT
264,darah,I-EFFECT
264,tikus,B-POPULATION
264,(,O
264,Rattus,B-POPULATION
264,norvegicus,I-POPULATION
264,),O
264,jantan,O
264,secara,O
264,signifikan,O
265,Acnes,O
265,vulgaris,O
265,merupakan,O
265,salah,O
265,satu,O
265,penyakit,O
265,kulit,B-BODY_PART
265,yang,O
265,dapat,O
265,mengurangi,O
265,rasa,O
265,percaya,O
265,diri,O
265,pada,O
265,masa,O
265,remaja,B-POPULATION
265,dan,O
265,dewasa,O
265,.,O
266,Penyakit,O
266,ini,O
266,dapat,O
266,disebabkan,O
266,oleh,O
266,infeksi,B-DISEASE
266,bakteri,O
266,Propionbacterium,O
266,acnes,O
266,dan,O
266,pengobatan,O
266,penyakit,O
266,ini,O
266,menggunakan,O
266,antibiotika,O
266,banyak,O
266,menimbulkan,O
266,resistensi,O
266,.,O
267,Salah,O
267,satu,O
267,alternatif,O
267,yang,O
267,dapat,O
267,dikembangkan,O
267,untuk,O
267,mengatasinya,O
267,adalah,O
267,penggunaan,O
267,bahan,O
267,obat,B-TREATMENT
267,herbal,I-TREATMENT
267,.,O
268,Tujuan,O
268,penelitian,O
268,ini,O
268,adalah,O
268,untuk,O
268,mengetahui,O
268,aktivitas,B-EFFECT
268,antibakteri,I-EFFECT
268,ekstrak,B-TREATMENT
268,etanol,I-TREATMENT
268,96%,O
268,daun,B-HERB
268,sambiloto,I-HERB
268,(,O
268,Androgaphis,O
268,paniculata,O
268,(,O
268,Burm,O
268,.,O
269,f,O
269,.,O
269,),O
269,Nees,O
269,),O
269,dalam,O
269,menghambat,B-EFFECT
269,pertumbuhan,I-EFFECT
269,bakteri,O
269,Propionbacterium,O
269,acnes,O
269,.,O
270,Metode,O
270,maserasi,B-METHOD
270,digunakan,O
270,dalam,O
270,pembuatan,O
270,ekstrak,B-TREATMENT
270,dan,O
270,dilakukan,O
270,uji,O
270,kandungan,O
270,senyawa,O
270,aktif,O
270,secara,O
270,kualitatif,O
270,.,O
271,Uji,O
271,aktivitas,B-EFFECT
271,antibakteri,I-EFFECT
271,dilakukan,O
271,menggunakan,O
271,metode,O
271,disc,O
271,diffusion,O
271,.,O
272,Teridentifikasi,O
272,secara,O
272,kualitaif,O
272,kandungan,O
272,senyawa,O
272,alkaloid,B-COMPOUND
272,",",O
272,flavonoid,B-COMPOUND
272,",",O
272,tanin,B-COMPOUND
272,",",O
272,triterpenoid,B-COMPOUND
272,dan,O
272,saponin,B-COMPOUND
272,.,O
273,Ekstrak,B-TREATMENT
273,etanol,I-TREATMENT
273,96%,O
273,daun,B-HERB
273,sambiloto,I-HERB
273,dengan,O
273,konsentrasi,O
273,25,O
273,",",O
273,50,O
273,",",O
273,75,O
273,",",O
273,dan,O
273,100%,O
273,b,O
273,/,O
273,v,O
273,memiliki,O
273,aktivitas,B-EFFECT
273,antibakteri,I-EFFECT
273,terhadap,O
273,bakteri,O
273,Propionibacterium,O
273,acnes,O
273,ditandai,O
273,dengan,O
273,adanya,O
273,diameter,O
273,zona,O
273,hambat,O
273,pada,O
273,masing-masing,O
273,konsentrasi,O
273,",",O
273,dimana,O
273,kategori,O
273,aktivitas,B-EFFECT
273,antibakteri,I-EFFECT
273,yang,O
273,kuat,O
273,didapatkan,O
273,pada,O
273,sampel,O
273,konsentrasi,O
273,75,O
273,dengan,O
273,diameter,O
273,zona,O
273,hambat,O
273,yang,O
273,terbentuk,O
273,yaitu,O
273,"11,26",O
273,±,O
273,"0,44",O
273,mm,O
273,.,O
274,Terdapat,O
274,perbedaan,O
274,bermakna,O
274,pada,O
274,analisis,O
274,statistik,O
274,One-Way,O
274,ANOVA,B-METHOD
274,pada,O
274,hasil,O
274,diameter,O
274,zona,O
274,hambat,O
274,antara,O
274,kelompok,O
274,kontrol,O
274,dengan,O
274,ekstrak,B-TREATMENT
274,dengan,O
274,nilai,O
274,p,O
274,<,O
274,"0,05",O
274,.,O
275,Sambiloto,B-HERB
275,(,O
275,Andrographis,B-HERB
275,paniculata,I-HERB
275,Nees,O
275,),O
275,merupakantanaman,O
275,obat,O
275,yang,O
275,memiliki,O
275,berbagai,O
275,khasiat,O
275,",",O
275,salah,O
275,satunya,O
275,sebagai,O
275,antibakteri,B-EFFECT
275,.,O
276,Staphylococcus,O
276,aureus,O
276,merupakan,O
276,penyebab,O
276,utama,O
276,infeksi,B-DISEASE
276,.,O
277,Penggunaan,O
277,Sambilotodi,O
277,masyarakat,B-POPULATION
277,saat,O
277,ini,O
277,mempunyai,O
277,beberapa,O
277,pilihan,O
277,diantaranya,O
277,dengan,O
277,membuat,O
277,rebusan,B-TREATMENT
277,langsung,O
277,dari,O
277,daun,B-HERB
277,sambiloto,I-HERB
277,ataupundengan,O
277,membeli,O
277,produk,O
277,herbal,O
277,sambiloto,B-HERB
277,yang,O
277,dijual,O
277,di,O
277,pasaran,O
277,.,O
278,Tujuan,O
278,penelitian,O
278,ini,O
278,adalahmenentukanefek,O
278,antibakteri,B-EFFECT
278,dari,O
278,rebusan,B-TREATMENT
278,daun,B-HERB
278,sambiloto,I-HERB
278,(,O
278,Andrographis,B-HERB
278,paniculata,I-HERB
278,Nees,O
278,),O
278,dan,O
278,produk,O
278,herbal,O
278,sambiloto,B-HERB
278,terhadap,O
278,Staphylococcus,O
278,aureus,O
278,.,O
279,Jenis,O
279,penelitian,O
279,adalah,O
279,eksperimental,B-METHOD
279,dengan,O
279,sembilankali,O
279,pengulangan,O
279,menggunakanmetode,O
279,difusi,O
279,.,O
280,Penelitian,O
280,dilakukan,O
280,di,O
280,laboratorium,O
280,Mikrobiologi,O
280,Fakultas,O
280,Kedokteran,O
280,Universitas,O
280,Andalas,O
280,Padang,O
280,dari,O
280,Maret,O
280,sampai,O
280,Desember,O
280,2014,O
280,.,O
281,Sambiloto,B-HERB
281,diekstrakdengan,O
281,metode,O
281,infusum,O
281,.,O
282,Kontrol,O
282,yang,O
282,digunakan,O
282,adalah,O
282,amoksisilin,O
282,.,O
283,Hasil,O
283,penelitian,O
283,memperlihatkan,O
283,tidak,O
283,adadaerah,O
283,bebas,O
283,kuman,O
283,di,O
283,sekitar,O
283,cakram,O
283,disk,O
283,yang,O
283,telah,O
283,mengandung,O
283,sambiloto,B-HERB
283,.,O
284,Kesimpulan,O
284,hasil,O
284,ini,O
284,ialah,O
284,rebusan,B-TREATMENT
284,daun,B-HERB
284,sambiloto,I-HERB
284,(,O
284,Andrographis,O
284,paniculataNees,O
284,),O
284,dan,O
284,produk,O
284,herbal,O
284,sambiloto,B-HERB
284,tidak,O
284,mempunyai,O
284,efek,O
284,antibakteri,B-EFFECT
284,terhadap,O
284,Staphylococcus,O
284,aureus,O
284,.,O
285,Kesehatan,O
285,merupakan,O
285,aspek,O
285,penting,O
285,yang,O
285,dapat,O
285,mempengaruhi,O
285,kehidupan,O
285,setiap,O
285,orang,B-POPULATION
285,.,O
286,Salah,O
286,satu,O
286,cara,O
286,yang,O
286,efektif,O
286,untuk,O
286,menjaga,O
286,kesehatan,O
286,tubuh,B-BODY_PART
286,adalah,O
286,menjaga,O
286,kebersihan,O
286,yaitu,O
286,kebersihan,O
286,tangan,O
286,.,O
287,Tangan,O
287,merupakan,O
287,salah,O
287,satu,O
287,jalur,O
287,penularan,O
287,berbagai,O
287,penyakit,O
287,menular,O
287,seperti,O
287,penyakit,O
287,gangguan,O
287,usus,B-BODY_PART
287,dan,O
287,pencernaanseperti,O
287,(,O
287,diare,B-DISEASE
287,dan,O
287,muntah,B-DISEASE
287,),O
287,dan,O
287,berbagai,O
287,penyakit,O
287,lainnya,O
287,.,O
288,Daun,B-HERB
288,sirih,I-HERB
288,hijau,I-HERB
288,mengandung,O
288,senyawa,O
288,metabolit,O
288,sekunder,O
288,yaitu,O
288,minyak,B-COMPOUND
288,atsiri,I-COMPOUND
288,",",O
288,alkaloid,B-COMPOUND
288,",",O
288,flavonoid,B-COMPOUND
288,",",O
288,fenolik,B-COMPOUND
288,",",O
288,dan,O
288,tannin,B-COMPOUND
288,.,O
289,Dimana,O
289,tanaman,O
289,yang,O
289,mengandung,O
289,flavonoid,B-COMPOUND
289,berfungsi,O
289,sebagai,O
289,antibakteri,B-EFFECT
289,dan,O
289,saponin,B-COMPOUND
289,sebagai,O
289,antimikroba,B-EFFECT
289,yang,O
289,mampu,O
289,berperan,O
289,dalammenyembuhkan,O
289,atau,O
289,memperbaiki,O
289,kondisi,O
289,kesehatan,O
289,masyarakat,B-POPULATION
289,.,O
290,Metode,O
290,dalam,O
290,penelitian,O
290,ini,O
290,menggunakan,O
290,eksperimental,B-METHOD
290,.,O
291,Penelitian,O
291,ini,O
291,menformulasikan,O
291,ekstrak,B-TREATMENT
291,etanol,I-TREATMENT
291,daun,B-HERB
291,sirih,I-HERB
291,hijau,I-HERB
291,yaitu,O
291,5%,O
291,",",O
291,10%,O
291,",",O
291,15%,O
291,",",O
291,dan,O
291,20%,O
291,dalampengujian,O
291,aktivitas,B-EFFECT
291,antibakteri,I-EFFECT
291,terhadap,O
291,bakteri,O
291,Escherichia,O
291,coli,O
291,.,O
292,Hasil,O
292,penelitian,O
292,menunjukkan,O
292,ekstrak,B-TREATMENT
292,etanol,I-TREATMENT
292,daun,B-HERB
292,sirih,I-HERB
292,hijau,I-HERB
292,(,O
292,piper,B-HERB
292,betle,I-HERB
292,Linn,I-HERB
292,.,O
292,),O
292,memiliki,O
292,aktivitas,B-EFFECT
292,antibakteri,I-EFFECT
292,terhadap,O
292,bakteri,O
292,Escherichia,O
292,coli,O
292,dengan,O
292,diameter,O
292,rata-rata,O
292,zona,O
292,hambat,O
292,berturut-turut,O
292,adalah,O
292,"3,33",O
292,mm,O
292,",",O
292,"5,00",O
292,mm,O
292,",",O
292,"5,33",O
292,mm,O
292,dan,O
292,"6,58",O
292,mm,O
292,.,O
293,Ekstrak,B-TREATMENT
293,etanol,I-TREATMENT
293,daun,B-HERB
293,sirih,I-HERB
293,hijau,I-HERB
293,(,O
293,piper,B-HERB
293,betle,I-HERB
293,Linn,I-HERB
293,.,O
293,),O
293,yang,O
293,paling,O
293,efektif,O
293,dalam,O
293,menghambat,O
293,bakteri,O
293,yaitu,O
293,pada,O
293,konsentrasi,O
293,20,O
293,%,O
293,dengan,O
293,daya,B-EFFECT
293,hambat,I-EFFECT
293,"6,58",O
293,mm,O
293,.,O
294,Staphylococcus,O
294,aureus,O
294,adalah,O
294,bakteri,O
294,gram,O
294,positif,O
294,yang,O
294,sering,O
294,berada,O
294,dalam,O
294,komunitas,O
294,mikroba,O
294,normal,O
294,pada,O
294,manusia,B-POPULATION
294,atau,O
294,hewan,O
294,.,O
295,Namun,O
295,",",O
295,bakteri,O
295,ini,O
295,berpotensi,O
295,menyebabkan,O
295,penyakit,O
295,ketika,O
295,sistem,O
295,kekebalan,O
295,tubuh,B-BODY_PART
295,seseorang,O
295,terganggu,O
295,.,O
296,Pengobatan,O
296,gangguan,O
296,infeksi,B-DISEASE
296,yang,O
296,disebabkan,O
296,oleh,O
296,S,O
296,.,O
297,aureusbiasanya,O
297,melibatkan,O
297,penggunaan,O
297,antibiotik,O
297,.,O
298,Namun,O
298,",",O
298,resistensi,O
298,yang,O
298,signifikan,O
298,dari,O
298,S,O
298,.,O
299,aureusterhadap,O
299,berbagai,O
299,obat,O
299,menimbulkan,O
299,tantangan,O
299,dalam,O
299,pengobatan,O
299,.,O
300,Oleh,O
300,karena,O
300,itu,O
300,",",O
300,eksplorasi,O
300,tanaman,O
300,obat,O
300,sebagai,O
300,pengobatan,O
300,alternatif,O
300,di,O
300,samping,O
300,antibiotik,O
300,telah,O
300,mendapatkan,O
300,perhatian,O
300,yang,O
300,luas,O
300,.,O
301,Beberapa,O
301,penelitian,O
301,telah,O
301,menunjukkan,O
301,sifat,O
301,antibakteri,B-EFFECT
301,dari,O
301,daun,B-HERB
301,sirih,I-HERB
301,hijau,I-HERB
301,.,O
302,Salah,O
302,satu,O
302,penelitian,O
302,yang,O
302,dilakukan,O
302,oleh,O
302,Lubis,O
302,et,O
302,al,O
302,(,O
302,2020,O
302,),O
302,menemukan,O
302,bahwa,O
302,ekstrak,B-TREATMENT
302,daun,B-HERB
302,sirih,I-HERB
302,hijau,I-HERB
302,(,O
302,Piperbetle,O
302,L,O
302,.,O
302,),O
302,pada,O
302,konsentrasi,O
302,1%,O
302,menunjukkan,O
302,aktivitas,B-EFFECT
302,antibakteri,I-EFFECT
302,terhadap,O
302,bakteri,O
302,Staphylococcus,O
302,aureusdengan,O
302,diameter,O
302,zona,O
302,hambat,O
302,sebesar,O
302,"11,875",O
302,mm,O
302,.,O
303,Tujuan,O
303,dari,O
303,tinjauan,O
303,artikel,O
303,ini,O
303,adalah,O
303,untuk,O
303,menilai,O
303,sifat,O
303,antibakteri,B-EFFECT
303,daun,B-HERB
303,sirih,I-HERB
303,hijau,I-HERB
303,terhadap,O
303,S,O
303,.,O
304,aureus,O
304,.,O
305,Metodologi,O
305,yang,O
305,digunakan,O
305,dalam,O
305,tinjauan,O
305,jurnal,O
305,ini,O
305,adalah,O
305,tinjauan,O
305,naratif,O
305,",",O
305,yang,O
305,melibatkan,O
305,pemeriksaan,O
305,ekstensif,O
305,literatur,O
305,nasional,O
305,dan,O
305,internasional,O
305,.,O
306,Temuan,O
306,tinjauan,O
306,menunjukkan,O
306,bahwa,O
306,daun,B-HERB
306,sirih,I-HERB
306,hijau,I-HERB
306,memiliki,O
306,sifat,O
306,antibakteri,B-EFFECT
306,",",O
306,menghasilkan,O
306,berbagai,O
306,ukuran,O
306,zona,O
306,hambat,O
306,karena,O
306,berbagai,O
306,penyebab,O
306,.,O
307,Daun,B-HERB
307,sirih,I-HERB
307,hijau,I-HERB
307,menunjukkan,O
307,sifat,O
307,antibakteri,B-EFFECT
307,terhadap,O
307,kuman,O
307,S,O
307,.,O
308,aureus,O
309,Daun,B-HERB
309,sirih,I-HERB
309,hijau,I-HERB
309,(,O
309,Piper,B-HERB
309,betle,I-HERB
309,L,I-HERB
309,.,O
309,),O
309,mengandung,O
309,flavanoid,O
309,yang,O
309,cukup,O
309,baik,O
309,dalam,O
309,menghambatpertumbuhanbakteripenyebabjerawat,O
309,",",O
309,salahsatunyaPropionibacteriumacnes,O
309,.,O
310,Tujuanpenelitian,O
310,ini,O
310,adalah,O
310,untuk,O
310,mengetahui,O
310,bedak,O
310,tabur,O
310,anti,O
310,jerawat,B-DISEASE
310,ekstrak,B-TREATMENT
310,daun,B-HERB
310,sirih,I-HERB
310,hijau,I-HERB
310,(,O
310,PiperbetleL,O
310,.,O
310,),O
310,dapatmenghabatpertumbuhanbakteriPropionibacteriumacnes,O
310,",",O
310,danuntukmengetahui,O
310,ekstrak,B-TREATMENT
310,daunsirihhijau,O
310,(,O
310,PiperbetleL,O
310,.,O
310,),O
310,dapat,O
310,diformulasikan,O
310,menjadi,O
310,sediaanbedaktaburantijerawat,O
310,.,O
311,Menggunakanmetodeeksperimental,O
311,.,O
312,Hasilpenelitianpadaujiskrining,O
312,fitokimia,O
312,positifmengandung,O
312,flavanoid,O
312,",",O
312,tanin,B-COMPOUND
312,",",O
312,saponin,B-COMPOUND
312,.,O
313,Uji,O
313,organoleptisberwarnahijau,O
313,dan,O
313,berbau,O
313,khas,O
313,daunsirih,O
313,hijau,O
313,.,O
314,Ujihomogenitas,O
314,sediaan,O
314,homogen,O
314,.,O
315,Uji,O
315,pH,O
315,"5,22",O
315,.,O
316,Ujidaya,O
316,hambat,O
316,antibakteri,B-EFFECT
316,"6,5",O
316,-,O
316,10,O
316,mm,O
316,termasuk,O
316,dalam,O
316,kategori,O
316,daya,B-EFFECT
316,hambat,I-EFFECT
316,sedang,O
316,",",O
316,dimanakategori,O
316,daya,O
316,hambatsedang,O
316,yaitu,O
316,sebesar,O
316,5,O
316,-,O
316,10,O
316,mm,O
316,.,O
317,uji,O
317,iritasi,O
317,tidak,O
317,terdapat,O
317,reaksiyangmenunjukkan,O
317,adanya,O
317,iritasi,O
317,pada,O
317,responden,O
317,.,O
318,Uji,O
318,hedonik,O
318,pada,O
318,sediaan,O
318,bedak,O
318,tabur,O
318,yang,O
318,palingdisukaioleh,O
318,responden,O
318,formulasediaan,O
318,3,O
318,konsenterasi,O
318,6%,O
318,.,O
319,Kesimpulan,O
319,daripenelitianiniadalah,O
319,bedak,O
319,tabur,O
319,anti,O
319,jerawat,B-DISEASE
319,ekstrak,B-TREATMENT
319,daun,B-HERB
319,sirih,I-HERB
319,hijau,I-HERB
319,(,O
319,Piper,B-HERB
319,betle,I-HERB
319,L,I-HERB
319,.,O
319,),O
319,dapat,O
319,menghambatpertumbuhan,O
319,dari,O
319,bakteri,O
319,Propionibacterium,O
319,acnes,O
319,dan,O
319,daun,B-HERB
319,sirih,I-HERB
319,hijau,I-HERB
319,(,O
319,Piper,B-HERB
319,betle,I-HERB
319,L,I-HERB
319,.,O
319,),O
319,dapatdiformulasikanmenjadibedaktaburantijerawat,O
319,.,O
320,Penelitian,O
320,ini,O
320,bertujuan,O
320,untuk,O
320,mengetahui,O
320,aktivitas,B-EFFECT
320,antibakteri,I-EFFECT
320,ekstrak,B-TREATMENT
320,etanol,I-TREATMENT
320,daun,B-HERB
320,sirih,I-HERB
320,hijau,I-HERB
320,(,O
320,Piper,B-HERB
320,betle,I-HERB
320,L,I-HERB
320,.,O
320,),O
320,terhadap,O
320,Escherichia,O
320,coli,O
320,dan,O
320,Staphylococcus,O
320,aureus,O
320,serta,O
320,menentukan,O
320,konsentrasi,O
320,yang,O
320,paling,O
320,efektif,O
320,dalam,O
320,menghambat,O
320,pertumbuhannya,O
320,.,O
321,Metode,O
321,penelitian,O
321,menggunakan,O
321,difusi,B-METHOD
321,cakram,I-METHOD
321,dengan,O
321,variasi,O
321,konsentrasi,O
321,ekstrak,B-TREATMENT
321,40%,O
321,",",O
321,60%,O
321,",",O
321,80%,O
321,",",O
321,dan,O
321,100%,O
321,",",O
321,serta,O
321,kontrol,O
321,positif,O
321,dan,O
321,negatif,O
321,.,O
322,Hasil,O
322,uji,O
322,menunjukkan,O
322,bahwa,O
322,ekstrak,B-TREATMENT
322,etanol,I-TREATMENT
322,daun,B-HERB
322,sirih,I-HERB
322,hijau,I-HERB
322,memiliki,O
322,aktivitas,B-EFFECT
322,antibakteri,I-EFFECT
322,terhadap,O
322,kedua,O
322,bakteri,O
322,uji,O
322,.,O
323,Konsentrasi,O
323,60%,O
323,paling,O
323,efektif,O
323,menghambat,B-EFFECT
323,pertumbuhan,I-EFFECT
323,E,O
323,.,O
324,coli,O
324,dengan,O
324,kategori,O
324,kuat,O
324,",",O
324,sedangkan,O
324,konsentrasi,O
324,100%,O
324,paling,O
324,efektif,O
324,menghambat,B-EFFECT
324,pertumbuhan,I-EFFECT
324,S,O
324,.,O
325,aureus,O
325,dengan,O
325,kategori,O
325,sedang,O
325,.,O
326,Uji,B-METHOD
326,statistik,I-METHOD
326,ANOVA,B-METHOD
326,menunjukkan,O
326,adanya,O
326,perbedaan,O
326,signifikan,O
326,antar,O
326,perlakuan,O
326,(,O
326,p,O
326,=,O
326,"0,000",O
326,),O
326,.,O
327,Analisis,O
327,GC-MS,O
327,juga,O
327,mengidentifikasi,O
327,senyawa,O
327,aktif,O
327,seperti,O
327,hydroxychavicol,O
327,",",O
327,palmitic,O
327,acid,O
327,",",O
327,dan,O
327,phytol,O
327,yang,O
327,berperan,O
327,dalam,O
327,aktivitas,B-EFFECT
327,antibakteri,I-EFFECT
327,.,O
328,Dengan,O
328,demikian,O
328,",",O
328,ekstrak,B-TREATMENT
328,etanol,I-TREATMENT
328,daun,B-HERB
328,sirih,I-HERB
328,hijau,I-HERB
328,berpotensi,O
328,sebagai,O
328,sumber,O
328,antibakteri,B-EFFECT
328,alami,O
328,yang,O
328,efektif,O
328,dalam,O
328,menghambat,B-EFFECT
328,pertumbuhan,I-EFFECT
328,bakteri,O
328,patogen,O
328,.,O
329,Daun,B-HERB
329,sirih,I-HERB
329,hijau,I-HERB
329,(,O
329,Piper,B-HERB
329,betle,I-HERB
329,L,I-HERB
329,.,O
329,),O
329,dimanfaatkan,O
329,dan,O
329,dipercaya,O
329,sebagai,O
329,bahan,O
329,obat,O
329,alternatif,O
329,dalam,O
329,mengobati,O
329,berbagai,O
329,jenis,O
329,penyakit,O
329,.,O
330,Tujuan,O
330,dari,O
330,penelitian,O
330,ini,O
330,untuk,O
330,mengetahui,O
330,aktivitas,B-EFFECT
330,antibakteri,I-EFFECT
330,ekstrak,B-TREATMENT
330,etanol,I-TREATMENT
330,daun,B-HERB
330,sirih,I-HERB
330,hijau,I-HERB
330,terhadap,O
330,bakteri,O
330,Staphylococcus,O
330,epidermidis,O
330,dan,O
330,Escherichia,O
330,coli,O
330,serta,O
330,mengidentifikasi,O
330,golongan,O
330,senyawa,O
330,yang,O
330,memiliki,O
330,aktivitas,B-EFFECT
330,antibakteri,I-EFFECT
330,dalam,O
330,ekstrak,B-TREATMENT
330,etanol,I-TREATMENT
330,daun,B-HERB
330,sirih,I-HERB
330,hijau,I-HERB
330,.,O
331,Ekstraksi,O
331,daun,B-HERB
331,sirih,I-HERB
331,hijau,I-HERB
331,(,O
331,Piper,B-HERB
331,betle,I-HERB
331,L,I-HERB
331,.,O
331,),O
331,menggunakan,O
331,pelarut,O
331,etanol,B-COMPOUND
331,96%,O
331,dengan,O
331,metode,O
331,maserasi,B-METHOD
331,.,O
332,Uji,O
332,aktivitas,B-EFFECT
332,antibakteri,I-EFFECT
332,dilakukan,O
332,dengan,O
332,metode,O
332,difusi,O
332,disk,O
332,",",O
332,identifikasi,O
332,golongan,O
332,senyawa,O
332,yang,O
332,memiliki,O
332,aktivitas,B-EFFECT
332,antibakteri,I-EFFECT
332,dilakukan,O
332,dengan,O
332,uji,O
332,bioautografi,O
332,.,O
333,Kadar,O
333,ekstrak,B-TREATMENT
333,etanol,I-TREATMENT
333,yang,O
333,digunakan,O
333,adalah,O
333,2,O
333,",",O
333,4,O
333,",",O
333,6,O
333,",",O
333,dan,O
333,8,O
333,mg,O
333,/,O
333,disk,O
333,.,O
334,Kontrol,O
334,positif,O
334,menggunakan,O
334,Erythromycin,O
334,dan,O
334,Ciprofloxacin,O
334,serta,O
334,pelarut,O
334,DMSO,O
334,50%,O
334,digunakan,O
334,sebagai,O
334,kontrol,O
334,negatif,O
334,.,O
335,Hasil,O
335,penelitian,O
335,menunjukkan,O
335,adanya,O
335,aktivitas,B-EFFECT
335,antibakteri,I-EFFECT
335,ekstrak,B-TREATMENT
335,etanol,I-TREATMENT
335,daun,B-HERB
335,sirih,I-HERB
335,hijau,I-HERB
335,terhadap,O
335,Staphylococcus,O
335,epidermidis,O
335,dengan,O
335,seri,O
335,konsentrasi,O
335,2,O
335,mg,O
335,/,O
335,disk,O
335,",",O
335,4,O
335,mg,O
335,/,O
335,disk,O
335,",",O
335,6,O
335,mg,O
335,/,O
335,disk,O
335,",",O
335,dan,O
335,8,O
335,mg,O
335,/,O
335,disk,O
335,menghasilkan,O
335,rata-rata,O
335,zona,O
335,hambat,O
335,"9,5",O
335,;,O
335,12,O
335,;,O
335,"15,12",O
335,;,O
335,dan,O
335,"15,62",O
335,mm,O
335,.,O
336,Sedangkan,O
336,hasil,O
336,terhadap,O
336,Escherichia,O
336,coli,O
336,dengan,O
336,seri,O
336,konsentrasi,O
336,2,O
336,",",O
336,4,O
336,",",O
336,6,O
336,",",O
336,dan,O
336,8,O
336,mg,O
336,/,O
336,disk,O
336,menghasilkan,O
336,rata-rata,O
336,zona,O
336,hambat,O
336,"10,25",O
336,;,O
336,"15,12",O
336,;,O
336,"15,87",O
336,;,O
336,dan,O
336,"16,25",O
336,mm,O
336,.,O
337,Uji,O
337,KLT,B-METHOD
337,memberikan,O
337,hasil,O
337,bahwa,O
337,daun,B-HERB
337,sirih,I-HERB
337,hijau,I-HERB
337,mengandung,O
337,golongan,O
337,senyawa,B-COMPOUND
337,fenol,I-COMPOUND
337,",",O
337,saponin,B-COMPOUND
337,dan,O
337,alkaloid,B-COMPOUND
337,.,O
338,Hasil,O
338,uji,O
338,bioautografi,O
338,menunjukkan,O
338,bahwa,O
338,senyawa,O
338,yang,O
338,memiliki,O
338,aktivitas,B-EFFECT
338,antibakteri,I-EFFECT
338,terhadap,O
338,Staphylococcus,O
338,epidermidis,O
338,adalah,O
338,golongan,O
338,senyawa,B-COMPOUND
338,fenol,I-COMPOUND
338,pada,O
338,Rf,O
338,"0,8",O
338,dan,O
338,senyawa,O
338,yang,O
338,memiliki,O
338,aktivitas,B-EFFECT
338,antibakteri,I-EFFECT
338,terhadap,O
338,Escherichia,O
338,coli,O
338,adalah,O
338,golongan,O
338,senyawa,O
338,alkaloid,B-COMPOUND
338,pada,O
338,Rf,O
338,"0,7",O
339,Pendahuluan,O
339,:,O
339,Pegagan,B-HERB
339,(,O
339,Centella,B-HERB
339,asiatica,I-HERB
339,),O
339,mengandung,O
339,empat,O
339,triterpen,O
339,utama,O
339,",",O
339,Asiaticoside,B-COMPOUND
339,",",O
339,madecassoside,B-COMPOUND
339,",",O
339,Asiatic,O
339,Acid,O
339,",",O
339,dan,O
339,madecassic,O
339,acid,O
339,",",O
339,yang,O
339,dikaitkan,O
339,dengan,O
339,aktivitas,O
339,dermatoprotektif,O
339,",",O
339,anti-inflamasi,B-EFFECT
339,",",O
339,neuroprotektif,O
339,",",O
339,antimikroba,B-EFFECT
339,",",O
339,dan,O
339,antikanker,B-EFFECT
339,.,O
340,Metode,O
340,:,O
340,Tinjauan,O
340,pustaka,O
340,berdesain,O
340,scoping,O
340,review,B-METHOD
340,mengikuti,O
340,PRISMA,O
340,2020,O
340,.,O
341,Pencarian,O
341,dilakukan,O
341,di,O
341,Scopus,O
341,dan,O
341,PubMed,B-METHOD
341,(,O
341,2020,O
341,-,O
341,2025,O
341,),O
341,menggunakan,O
341,kata,O
341,kunci,O
341,“,O
341,Centella,B-HERB
341,asiatica,I-HERB
341,/,O
341,Gotu,O
341,kola,O
341,”,O
341,dikombinasikan,O
341,dengan,O
341,“,O
341,Asiaticoside,B-COMPOUND
341,”,O
341,",",O
341,“,O
341,madecassoside,B-COMPOUND
341,”,O
341,",",O
341,“,O
341,Asiatic,O
341,Acid,O
341,”,O
341,",",O
341,“,O
341,madecassic,O
341,acid,O
341,”,O
341,",",O
341,serta,O
341,istilah,O
341,indikasi,O
341,kesehatan,O
341,(,O
341,wound,O
341,/,O
341,skin,O
341,/,O
341,inflammation,O
341,/,O
341,cognition,O
341,/,O
341,neuroprotective,O
341,),O
341,.,O
342,Inklusi,O
342,:,O
342,artikel,O
342,riset,O
342,asli,O
342,terkait,O
342,kandungan,O
342,aktif,O
342,dan,O
342,/,O
342,atau,O
342,pemanfaatan,O
342,kesehatan,O
342,;,O
342,eksklusi,O
342,:,O
342,review,B-METHOD
342,/,O
342,editorial,O
342,.,O
343,Data,O
343,diekstraksi,O
343,dan,O
343,dipetakan,O
343,;,O
343,analisis,O
343,bibliometrik,O
343,(,O
343,Rbibliometrix,O
343,),O
343,digunakan,O
343,untuk,O
343,menilai,O
343,tren,O
343,",",O
343,penulis,O
343,/,O
343,negara,O
343,produktif,O
343,",",O
343,dan,O
343,klaster,O
343,kata,O
343,kunci,O
343,.,O
344,Pembahasan,O
344,:,O
344,Sintesis,O
344,menunjukkan,O
344,Asiaticoside,B-COMPOUND
344,/,O
344,madecassoside,B-COMPOUND
344,konsisten,O
344,meningkatkan,O
344,penyembuhan,B-EFFECT
344,luka,I-EFFECT
344,dan,O
344,modulasi,O
344,inflamasi,B-DISEASE
344,",",O
344,dengan,O
344,bukti,O
344,kuat,O
344,pada,O
344,sediaan,O
344,topikal,O
344,dan,O
344,potensi,O
344,anti-melanogenesis,O
344,.,O
345,Asiatic,O
345,Acid,O
345,/,O
345,madecassic,O
345,acid,O
345,menonjol,O
345,pada,O
345,onkologi,O
345,),O
345,dan,O
345,neuroproteksi,O
345,;,O
345,sistem,O
345,penghantaran,O
345,seperti,O
345,liposom,O
345,kitosan,O
345,meningkatkan,O
345,bioavailabilitas,O
345,.,O
346,Pendekatan,O
346,nanoteknologi,O
346,ekstrak,B-TREATMENT
346,pegagan,B-HERB
346,",",O
346,memperkuat,O
346,efek,B-EFFECT
346,antimikroba,I-EFFECT
346,dan,O
346,eradikasi,O
346,biofilm,O
346,.,O
347,Simpulan,O
347,:,O
347,Empat,O
347,triterpen,O
347,kunci,O
347,C,O
347,.,O
348,asiatica,O
348,menjadi,O
348,poros,O
348,bioaktivitas,O
348,lintas,O
348,indikasi,O
348,(,O
348,dermatologi-wound,O
348,healing,O
348,",",O
348,anti-inflamasi,B-EFFECT
348,",",O
348,neuroproteksi,O
348,",",O
348,antimikroba,B-EFFECT
348,",",O
348,onkologi,O
348,),O
348,.,O
349,Formulasi,O
349,modern,O
349,meningkatkan,O
349,kinerja,O
349,dan,O
349,potensi,O
349,translasi,O
349,klinis,O
349,",",O
349,meski,O
349,standardisasi,O
349,ekstrak,B-TREATMENT
349,dan,O
349,uji,B-METHOD
349,klinis,I-METHOD
349,berskala,O
349,besar,O
349,masih,O
349,diperlukan,O
349,untuk,O
349,pemantapan,O
349,evidensi,O
349,.,O
350,Pegagan,B-HERB
350,(,O
350,Centella,B-HERB
350,asiatica,I-HERB
350,(,O
350,L,O
350,.,O
350,),O
350,Urban,O
350,),O
350,merupakan,O
350,salah,O
350,satu,O
350,tanaman,O
350,herbal,O
350,digunakan,O
350,dalam,O
350,dermatologi,O
350,yang,O
350,memiliki,O
350,aktivitas,O
350,dalam,O
350,pengobatan,O
350,penyakit,O
350,kulit,B-BODY_PART
350,dan,O
350,lesi,O
350,kulit,B-BODY_PART
350,seperti,O
350,ekskoriasi,O
350,",",O
350,luka,B-DISEASE
350,bakar,I-DISEASE
350,",",O
350,bekas,O
350,luka,B-DISEASE
350,hipertrofik,O
350,",",O
350,antioksidan,B-EFFECT
350,",",O
350,antiaging,O
350,",",O
350,pemutih,O
350,kulit,B-BODY_PART
350,serta,O
350,sebagai,O
350,bahan,O
350,kosmetik,O
350,.,O
351,Review,B-METHOD
351,ini,O
351,bertujuan,O
351,untuk,O
351,mengumpulkan,O
351,data,O
351,mengenai,O
351,aktivitas,O
351,ekstrak,B-TREATMENT
351,herba,B-HERB
351,pegagan,I-HERB
351,pada,O
351,dermatologi,O
351,baik,O
351,pada,O
351,uji,O
351,preklinis,O
351,maupun,O
351,uji,B-METHOD
351,klinis,I-METHOD
351,.,O
352,Identifikasi,O
352,dilakukan,O
352,dengan,O
352,mencari,O
352,literatur,O
352,melalui,O
352,media,O
352,Science,O
352,Direct,O
352,dan,O
352,Google,B-METHOD
352,Scholar,I-METHOD
352,dengan,O
352,menggunakan,O
352,kata,O
352,kunci,O
352,‘,O
352,’,O
352,Centella,B-HERB
352,asiatica,I-HERB
352,’,O
352,’,O
352,",",O
352,“,O
352,pegagan,B-HERB
352,”,O
352,",",O
352,‘,O
352,’,O
352,dermatology,O
352,’,O
352,’,O
352,",",O
352,‘,O
352,’,O
352,cosmetics,O
352,’,O
352,’,O
352,",",O
352,dan,O
352,‘,O
352,’,O
352,whitening,O
352,’,O
352,’,O
352,.,O
353,Pencarian,O
353,didasarkan,O
353,pada,O
353,kriteria,O
353,inklusi,O
353,dan,O
353,eksklusi,O
353,yang,O
353,telah,O
353,ditetapkan,O
353,.,O
354,Hasil,O
354,literatur,O
354,menunjukan,O
354,kandungan,O
354,kimia,O
354,pegagan,B-HERB
354,seperti,O
354,asiatikosida,B-COMPOUND
354,",",O
354,madekasosid,O
354,",",O
354,asam,O
354,asiatika,O
354,dan,O
354,asam,O
354,madekasik,O
354,merupakan,O
354,fitokimia,O
354,yang,O
354,berperan,O
354,penting,O
354,pada,O
354,aktivitas,O
354,farmakologi,O
354,pegagan,B-HERB
354,pada,O
354,dermatologi,O
354,sebagai,O
354,pengobatan,O
354,dan,O
354,perawatan,O
354,kulit,B-BODY_PART
354,.,O
355,Pada,O
355,pengujian,O
355,baik,O
355,preklinis,O
355,maupun,O
355,klinis,O
355,menunjukkan,O
355,bahwa,O
355,pemberian,O
355,pegagan,B-HERB
355,mampu,O
355,proliferasi,O
355,fibroblas,O
355,",",O
355,mengaktifkan,O
355,jalur,O
355,Smads,O
355,",",O
355,meningkatkan,O
355,sintesis,O
355,kolagen,O
355,",",O
355,menurunkan,O
355,aktivitas,O
355,metaloproteinase,O
355,dengan,O
355,meningkatkan,O
355,deposisi,O
355,kolagen,O
355,dan,O
355,mengurangi,O
355,kandungan,O
355,melanin,O
355,dalam,O
355,melanosit,O
355,sehingga,O
355,dapat,O
355,memodulasi,O
355,melanogenesis,O
355,dengan,O
355,menghambat,O
355,ekspresi,O
355,mRNA,O
355,tirosinase,O
355,.,O
356,Pegagan,B-HERB
356,(,O
356,Centella,B-HERB
356,asiatica,I-HERB
356,),O
356,adalah,O
356,tanaman,O
356,herbal,O
356,tradisional,O
356,yang,O
356,telah,O
356,dilaporkan,O
356,memiliki,O
356,berbagai,O
356,aktivitas,O
356,farmakologis,O
356,.,O
357,Senyawa,O
357,pada,O
357,pegagan,B-HERB
357,yang,O
357,berperan,O
357,terhadap,O
357,aktivitas,O
357,farmakologis,O
357,tersebut,O
357,adalah,O
357,senyawa,O
357,golongan,O
357,triterpena,O
357,",",O
357,yaitu,O
357,madekasosida,O
357,(,O
357,MD,O
357,),O
357,",",O
357,asiatikosida,B-COMPOUND
357,(,O
357,AS,O
357,),O
357,",",O
357,asam,O
357,madekasat,O
357,(,O
357,AM,O
357,),O
357,",",O
357,dan,O
357,asam,O
357,asiatat,O
357,(,O
357,AA,O
357,),O
357,.,O
358,Cekaman,O
358,dapat,O
358,mempengaruhi,O
358,produksi,O
358,biomassa,O
358,dan,O
358,senyawa,O
358,metabolit,O
358,sekunder,O
358,pada,O
358,tanaman,O
358,.,O
359,penelitian,O
359,bertujuan,O
359,menganalisis,O
359,pengaruh,O
359,cekaman,O
359,salinitas,O
359,dan,O
359,kekeringan,O
359,terhadap,O
359,biomassa,O
359,4,O
359,senyawa,O
359,golongan,O
359,triterpene,O
359,pada,O
359,pegagan,B-HERB
359,.,O
360,Pemanenan,O
360,dilakukan,O
360,ketika,O
360,tanaman,O
360,berumur,O
360,8,O
360,minggu,O
360,.,O
361,Hasil,O
361,panen,O
361,dianalisis,O
361,biomassanya,O
361,kemudian,O
361,diekstraksi,O
361,menggunakan,O
361,pelarut,O
361,metanol,B-COMPOUND
361,untuk,O
361,selanjutnya,O
361,dianalisis,O
361,kadar,O
361,metabolit,O
361,sekundernya,O
361,menggunakan,O
361,metode,O
361,kromatografi,B-METHOD
361,cair,I-METHOD
361,kinerja,I-METHOD
361,tinggi,I-METHOD
361,(,O
361,KCKT,O
361,),O
361,.,O
362,Biomassa,O
362,tanaman,O
362,terendah,O
362,diperoleh,O
362,pada,O
362,perlakuan,O
362,50%,O
362,kapasitas,O
362,lapang,O
362,dan,O
362,kadar,O
362,garam,O
362,3000,O
362,ppm,O
362,.,O
363,Kadar,O
363,MD,O
363,dan,O
363,AS,O
363,tertinggi,O
363,dicapai,O
363,pada,O
363,kondisi,O
363,100%,O
363,kapasitas,O
363,lapang,O
363,dan,O
363,kadar,O
363,garam,O
363,1000,O
363,ppm,O
363,.,O
364,Adapun,O
364,kapasitas,O
364,lapang,O
364,50,O
364,dan,O
364,100%,O
364,serta,O
364,kadar,O
364,garam,O
364,1000,O
364,-,O
364,3000,O
364,ppm,O
364,tidak,O
364,mempengaruhi,O
364,kadar,O
364,AM,O
364,dan,O
364,AS,O
364,.,O
365,Stres,O
365,merupakan,O
365,salah,O
365,satu,O
365,faktor,O
365,utama,O
365,yang,O
365,berkontribusi,O
365,terhadap,O
365,neurodegenerasi,O
365,",",O
365,menurunkan,O
365,kelangsungan,O
365,hidup,O
365,sel,B-BODY_PART
365,otak,O
365,",",O
365,dan,O
365,mengurangi,O
365,kepadatan,O
365,neuron,O
365,di,O
365,hippocampus,O
365,.,O
366,Senyawa,O
366,alami,O
366,yang,O
366,memiliki,O
366,sifat,O
366,antioksidan,B-EFFECT
366,dan,O
366,neuroprotektif,O
366,",",O
366,seperti,O
366,Centella,B-HERB
366,asiatica,I-HERB
366,(,O
366,pegagan,B-HERB
366,),O
366,",",O
366,menarik,O
366,perhatian,O
366,sebagai,O
366,agen,O
366,terapeutik,O
366,potensial,O
366,.,O
367,Penelitian,O
367,ini,O
367,bertujuan,O
367,untuk,O
367,mengetahui,O
367,pengaruh,O
367,ekstrak,B-TREATMENT
367,daun,B-HERB
367,pegagan,I-HERB
367,terhadap,O
367,berat,O
367,otak,O
367,dan,O
367,jumlah,O
367,neuron,O
367,hippocampus,O
367,mencit,B-POPULATION
367,jantan,O
367,(,O
367,Mus,O
367,musculus,O
367,),O
367,yang,O
367,dipaparkan,O
367,stres,O
367,kronis,O
367,.,O
368,Sebanyak,O
368,25,O
368,ekor,O
368,mencit,B-POPULATION
368,dibagi,O
368,menjadi,O
368,lima,O
368,kelompok,O
368,:,O
368,kontrol,O
368,negatif,O
368,(,O
368,K,O
368,-,O
368,),O
368,",",O
368,kontrol,O
368,positif,O
368,(,O
368,K,O
368,+,O
368,),O
368,",",O
368,serta,O
368,kelompok,O
368,perlakuan,O
368,yang,O
368,diberikan,O
368,ekstrak,B-TREATMENT
368,pegagan,B-HERB
368,dengan,O
368,dosis,O
368,100,O
368,mg,O
368,/,O
368,kg,O
368,(,O
368,P,O
368,1,O
368,),O
368,",",O
368,200,O
368,mg,O
368,/,O
368,kg,O
368,(,O
368,P,O
368,2,O
368,),O
368,",",O
368,dan,O
368,300,O
368,mg,O
368,/,O
368,kg,O
368,(,O
368,P,O
368,3,O
368,),O
368,.,O
369,Berat,O
369,otak,O
369,dan,O
369,kepadatan,O
369,neuron,O
369,hippocampus,O
369,diukur,O
369,setelah,O
369,perlakuan,O
369,.,O
370,Hasil,O
370,penelitian,O
370,menunjukkan,O
370,bahwa,O
370,stres,O
370,kronis,O
370,secara,O
370,signifikan,O
370,menurunkan,O
370,berat,O
370,otak,O
370,dan,O
370,jumlah,O
370,neuron,O
370,hippocampus,O
370,pada,O
370,kelompok,O
370,K,O
370,+,O
370,dibandingkan,O
370,K,O
370,-,O
370,.,O
371,Sebaliknya,O
371,",",O
371,pemberian,B-TREATMENT
371,ekstrak,I-TREATMENT
371,Centella,B-HERB
371,asiatica,I-HERB
371,mampu,O
371,memperbaiki,O
371,kedua,O
371,parameter,O
371,tersebut,O
371,secara,O
371,bergantung,O
371,dosis,O
371,",",O
371,dengan,O
371,peningkatan,O
371,tertinggi,O
371,pada,O
371,kelompok,O
371,P,O
371,3,O
371,.,O
372,Temuan,O
372,ini,O
372,sejalan,O
372,dengan,O
372,penelitian,O
372,sebelumnya,O
372,yang,O
372,menunjukkan,O
372,potensi,O
372,antioksidan,B-EFFECT
372,",",O
372,antiinflamasi,B-EFFECT
372,",",O
372,dan,O
372,neurogenik,O
372,dari,O
372,Centella,B-HERB
372,asiatica,I-HERB
372,",",O
372,yang,O
372,diduga,O
372,bekerja,O
372,melalui,O
372,regulasi,O
372,penanda,O
372,stres,O
372,oksidatif,O
372,",",O
372,modulasi,O
372,poros,O
372,hipotalamus-hipofisis-adrenal,O
372,(,O
372,HPA,O
372,),O
372,",",O
372,serta,O
372,peningkatan,O
372,faktor,O
372,neurotropik,O
372,.,O
373,Kesimpulannya,O
373,",",O
373,ekstrak,B-TREATMENT
373,Centella,B-HERB
373,asiatica,I-HERB
373,memberikan,O
373,efek,B-EFFECT
373,protektif,I-EFFECT
373,terhadap,O
373,kerusakan,O
373,otak,O
373,akibat,O
373,stres,O
373,",",O
373,sehingga,O
373,berpotensi,O
373,dikembangkan,O
373,sebagai,O
373,agen,O
373,neuroprotektif,O
373,alami,O
373,.,O
374,Penelitian,O
374,lebih,O
374,lanjut,O
374,diperlukan,O
374,untuk,O
374,mengeksplorasi,O
374,mekanisme,O
374,molekuler,O
374,",",O
374,keamanan,O
374,jangka,O
374,panjang,O
374,",",O
374,serta,O
374,efektivitas,O
374,klinis,O
374,pada,O
374,manusia,B-POPULATION
374,.,O
375,Karies,B-DISEASE
375,gigi,I-DISEASE
375,merupakan,O
375,penyakit,B-DISEASE
375,infeksi,I-DISEASE
375,pada,O
375,jaringan,B-BODY_PART
375,keras,O
375,gigi,B-BODY_PART
375,.,O
376,Streptococcus,O
376,mutans,O
376,merupakan,O
376,bakteri,O
376,yang,O
376,berperan,O
376,penting,O
376,dalam,O
376,proses,O
376,terjadinya,O
376,karies,B-DISEASE
376,gigi,I-DISEASE
376,.,O
377,Pegagan,B-HERB
377,memiliki,O
377,banyak,O
377,manfaat,O
377,untuk,O
377,tubuh,B-BODY_PART
377,",",O
377,diantaranya,O
377,mengatasi,O
377,demam,B-DISEASE
377,",",O
377,antibakteri,B-EFFECT
377,",",O
377,antialergi,O
377,",",O
377,dan,O
377,stimulan,O
377,sistem,O
377,saraf,O
377,pusat,O
377,.,O
378,Tujuan,O
378,penelitian,O
378,ini,O
378,adalah,O
378,untuk,O
378,mengetahui,O
378,aktivitas,B-EFFECT
378,antibakteri,I-EFFECT
378,ekstrak,B-TREATMENT
378,daun,B-HERB
378,pegagan,I-HERB
378,(,O
378,Centella,B-HERB
378,asiatica,I-HERB
378,(,O
378,L,O
378,),O
378,Urb,O
378,.,O
378,),O
378,terhadap,O
378,pertumbuhan,O
378,Streptococcus,O
378,mutans,O
378,.,O
379,Jenis,O
379,penelitian,O
379,yang,O
379,digunakan,O
379,adalah,O
379,eksperimental,B-METHOD
379,laboratorium,O
379,secara,O
379,in,B-METHOD
379,vitro,I-METHOD
379,",",O
379,sampel,O
379,penelitian,O
379,adalah,O
379,bakteri,O
379,Streptococcus,O
379,mutans,O
379,yang,O
379,diperoleh,O
379,dari,O
379,Laboratorium,O
379,Mikrobiologi,O
379,Universitas,O
379,Indonesia,O
379,.,O
380,Penelitian,O
380,ini,O
380,menggunakan,O
380,konsentrasi,O
380,10%,O
380,",",O
380,20%,O
380,",",O
380,40%,O
380,",",O
380,60%,O
380,",",O
380,dan,O
380,80%,O
380,serta,O
380,kontrol,O
380,positif,O
380,menggunakan,O
380,klorheksidin,O
380,.,O
381,Analisis,O
381,data,O
381,menggunakan,O
381,uji,O
381,One,O
381,Way,O
381,Anova,B-METHOD
381,.,O
382,Hasil,O
382,penelitian,O
382,diperoleh,O
382,nilai,O
382,fhitung,O
382,>,O
382,ftabel,O
382,yaitu,O
382,"456,318",O
382,>,O
382,"2,62",O
382,dan,O
382,p,O
382,=,O
382,"0,000",O
383,ujuan,O
383,dari,O
383,penelitan,O
383,ini,O
383,adalah,O
383,untuk,O
383,mengetahui,O
383,aktivitas,B-EFFECT
383,antioksidan,I-EFFECT
383,yang,O
383,dimiliki,O
383,flavonoid,B-COMPOUND
383,dari,O
383,ekstrak,B-TREATMENT
383,etanol,I-TREATMENT
383,dan,O
383,fraksi,O
383,etil,O
383,asetat,O
383,daun,B-HERB
383,kelor,I-HERB
383,",",O
383,mengetahui,O
383,keefektifan,O
383,dari,O
383,pemakaian,O
383,ekstrak,B-TREATMENT
383,etanol,I-TREATMENT
383,dan,O
383,fraksi,O
383,etil,O
383,asetat,O
383,daun,B-HERB
383,kelor,I-HERB
383,yang,O
383,dinyatakan,O
383,dalam,O
383,EC,O
383,50,O
383,dengan,O
383,menggunakan,O
383,metode,O
383,DPPH,B-METHOD
383,serta,O
383,mengetahui,O
383,kandungan,O
383,total,O
383,flavonoidnya,O
383,.,O
384,Ekstraksi,O
384,daun,B-HERB
384,kelor,I-HERB
384,menggunakan,O
384,metode,O
384,refluks,O
384,.,O
385,Pelarut,O
385,yang,O
385,digunakan,O
385,adalah,O
385,etanol,B-COMPOUND
385,80%,O
385,.,O
386,Analisis,O
386,kualitatif,O
386,digunakan,O
386,reaksi,O
386,warna,O
386,dan,O
386,metode,O
386,KLT,B-METHOD
386,",",O
386,diantaranya,O
386,yaitu,O
386,uji,O
386,fenolik,B-COMPOUND
386,",",O
386,polifenol,B-COMPOUND
386,",",O
386,flavonoid,B-COMPOUND
386,",",O
386,tanin,B-COMPOUND
386,",",O
386,saponin,B-COMPOUND
386,.,O
387,Analisis,O
387,kuantitatif,O
387,flavonoid,B-COMPOUND
387,dan,O
387,penentuan,O
387,aktivitas,B-EFFECT
387,antioksidan,I-EFFECT
387,secara,O
387,kuantitatif,O
387,dari,O
387,daun,B-HERB
387,kelor,I-HERB
387,dilakukan,O
387,secara,O
387,spektrofotometri,B-METHOD
387,UV-Vis,O
387,.,O
388,Ekstrak,B-TREATMENT
388,etanol,I-TREATMENT
388,dan,O
388,fraksi,O
388,etil,O
388,asetat,O
388,daun,B-HERB
388,kelor,I-HERB
388,masing-masing,O
388,dibuat,O
388,seri,O
388,deret,O
388,konsentrasi,O
388,1000,O
388,",",O
388,1500,O
388,",",O
388,2000,O
388,",",O
388,2500,O
388,dan,O
388,3000,O
388,ppm,O
388,.,O
389,Berdasarkan,O
389,hasil,O
389,penelitian,O
389,didapatkan,O
389,kesimpulan,O
389,bahwa,O
389,ada,O
389,aktivitas,B-EFFECT
389,antioksidan,I-EFFECT
389,dalam,O
389,ekstrak,B-TREATMENT
389,etanol,I-TREATMENT
389,dan,O
389,fraksi,O
389,etil,O
389,asetat,O
389,daun,B-HERB
389,kelor,I-HERB
389,.,O
390,Dari,O
390,hasil,O
390,penelitian,O
390,dapat,O
390,diketahui,O
390,bahwa,O
390,nilai,O
390,EC,O
390,50,O
390,untuk,O
390,sampel,O
390,ekstrak,B-TREATMENT
390,etanol,I-TREATMENT
390,daun,B-HERB
390,kelor,I-HERB
390,adalah,O
390,sebesar,O
390,"2165,6337",O
390,ppm,O
390,danuntuk,O
390,fraksi,O
390,etil,O
390,asetat,O
390,"2231,4012",O
390,ppm,O
390,.,O
391,Selain,O
391,itu,O
391,juga,O
391,diperoleh,O
391,kandungan,O
391,rata-rata,O
391,flavonoid,B-COMPOUND
391,dalam,O
391,ekstrak,B-TREATMENT
391,etanol,I-TREATMENT
391,dan,O
391,fraksi,O
391,etil,O
391,asetat,O
391,daun,B-HERB
391,kelor,I-HERB
391,berturut-turut,O
391,adalah,O
391,sebesar,O
391,"8,3323",O
391,mg,O
391,/,O
391,100,O
391,g,O
391,dan,O
391,"6,2542",O
391,mg,O
391,/,O
391,100,O
391,g,O
392,Tumbuhan,O
392,kelor,B-HERB
392,(,O
392,Moringa,B-HERB
392,oleifera,I-HERB
392,Lam,I-HERB
392,.,O
392,),O
392,merupakan,O
392,tumbuhan,O
392,yang,O
392,termasuk,O
392,dalam,O
392,famili,O
392,Moringaceae,O
392,",",O
392,yang,O
392,dikenal,O
392,sebagai,O
392,The,O
392,Miracle,O
392,Tree,O
392,atau,O
392,pohon,O
392,Ajaib,O
392,",",O
392,karena,O
392,kaya,O
392,akan,O
392,sumber,O
392,gizi,O
392,",",O
392,berkhasiat,O
392,obat,O
392,yang,O
392,bermanfaat,O
392,untuk,O
392,kesehatan,O
392,tubuh,B-BODY_PART
392,.,O
393,Tujuan,O
393,penelitian,O
393,untuk,O
393,mengetahui,O
393,profil,O
393,KLT,B-METHOD
393,dan,O
393,aktivitas,B-EFFECT
393,antioksidan,I-EFFECT
393,ekstrak,B-TREATMENT
393,deklorofilasi,O
393,daun,B-HERB
393,kelor,I-HERB
393,dengan,O
393,metode,O
393,DPPH,B-METHOD
393,menggunakan,O
393,spektrofotometer,B-METHOD
393,UV-Vis,O
393,.,O
394,Sampel,O
394,diperoleh,O
394,dari,O
394,Kota,O
394,Makassar,O
394,",",O
394,diekstraksi,O
394,menggunakan,O
394,ultrasonic,O
394,dengan,O
394,2,O
394,pelarut,O
394,yaitu,O
394,n-heksan,O
394,1,O
394,L,O
394,(,O
394,deklorofilasi,O
394,),O
394,dan,O
394,pelarut,O
394,etanol,B-COMPOUND
394,96%,O
394,500,O
394,mL,O
394,dengan,O
394,sampel,O
394,30,O
394,g,O
394,.,O
395,Hasil,O
395,penelitian,O
395,menunjukkan,O
395,bahwa,O
395,ekstrak,B-TREATMENT
395,deklorofilasi,O
395,daun,B-HERB
395,kelor,I-HERB
395,positif,O
395,mengandung,O
395,senyawa,O
395,fenolik,B-COMPOUND
395,",",O
395,flavanoid,O
395,",",O
395,terpenoid,B-COMPOUND
395,dan,O
395,saponin,B-COMPOUND
395,dan,O
395,memiliki,O
395,aktivitas,B-EFFECT
395,antioksidan,I-EFFECT
395,dengan,O
395,nilai,O
395,IC,O
395,50,O
395,"242,341",O
395,g,O
395,/,O
395,mL,O
395,",",O
395,sehingga,O
395,dapat,O
395,disimpulkan,O
395,bahwa,O
395,ekstrak,B-TREATMENT
395,deklorofilasi,O
395,daun,B-HERB
395,kelor,I-HERB
395,(,O
395,Moringa,B-HERB
395,oleifera,I-HERB
395,Lam,I-HERB
395,.,O
395,),O
395,kategori,O
395,efek,O
395,antioksidan,B-EFFECT
395,dimiliki,O
395,lemah,O
395,.,O
396,Daun,B-HERB
396,kelor,I-HERB
396,(,O
396,Moringa,B-HERB
396,oleifera,I-HERB
396,L,O
396,.,O
396,),O
396,adalah,O
396,salah,O
396,satu,O
396,jenis,O
396,tanaman,O
396,yang,O
396,tumbuh,O
396,dan,O
396,berkembang,O
396,di,O
396,daerah,O
396,tropis,O
396,seperti,O
396,Indonesia,O
396,serta,O
396,banyak,O
396,dijumpai,O
396,di,O
396,lingkungan,O
396,masyarakat,B-POPULATION
396,karena,O
396,pembudidayaanya,O
396,yang,O
396,cukup,O
396,mudah,O
396,dan,O
396,kaya,O
396,akan,O
396,gizi,O
396,serta,O
396,kandungan,O
396,senyawa,O
396,aktifnya,O
396,.,O
397,Tujuan,O
397,dari,O
397,penelitian,O
397,ini,O
397,adalah,O
397,untuk,O
397,mengetahui,O
397,kandungan,O
397,senyawa,O
397,kimia,O
397,dalam,O
397,daun,B-HERB
397,kelor,I-HERB
397,",",O
397,cara,O
397,membuat,O
397,sediaan,O
397,serum,O
397,antioksidan,B-EFFECT
397,ekstrak,B-TREATMENT
397,daun,B-HERB
397,kelor,I-HERB
397,",",O
397,menguji,O
397,stabilitas,O
397,dari,O
397,sediaan,O
397,serum,O
397,serta,O
397,aktivitas,B-EFFECT
397,antioksidan,I-EFFECT
397,dari,O
397,sediaan,O
397,serum,O
397,ekstrak,B-TREATMENT
397,daun,B-HERB
397,kelor,I-HERB
397,.,O
398,Penelitian,O
398,ini,O
398,diawali,O
398,dengan,O
398,maserasi,B-METHOD
398,daun,B-HERB
398,kelor,I-HERB
398,selama,O
398,24,O
398,jam,O
398,menggunakan,O
398,pelarut,O
398,etanol,B-COMPOUND
398,96,O
398,%,O
398,",",O
398,pengujian,O
398,KLT,B-METHOD
398,",",O
398,skrining,O
398,fitokimia,O
398,",",O
398,serta,O
398,pembuatan,O
398,sediaan,O
398,serum,O
398,.,O
399,Pada,O
399,sediaan,O
399,serum,O
399,dilakukan,O
399,pengujian,O
399,terhadap,O
399,mutu,O
399,fisik,O
399,yang,O
399,meliputi,O
399,:,O
399,uji,O
399,organoleptik,O
399,",",O
399,uji,O
399,homogenitas,O
399,",",O
399,uji,O
399,pH,O
399,",",O
399,uji,O
399,daya,O
399,sebar,O
399,dan,O
399,uji,O
399,hedonik,O
399,serta,O
399,uji,O
399,aktivitas,B-EFFECT
399,antioksidan,I-EFFECT
399,menggunakan,O
399,metode,O
399,DPPH,B-METHOD
399,terhadap,O
399,mutu,O
399,kimianya,O
399,.,O
400,Hasil,O
400,ekstraksi,O
400,dari,O
400,daun,B-HERB
400,kelor,I-HERB
400,adalah,O
400,ekstrak,B-TREATMENT
400,kental,O
400,dengan,O
400,persen,O
400,randemen,O
400,sebesar,O
400,"1,5",O
400,%,O
400,",",O
400,memiliki,O
400,aroma,O
400,khas,O
400,daun,B-HERB
400,kelor,I-HERB
400,dan,O
400,berwarna,O
400,hijau,O
400,kehitaman,O
400,.,O
401,Hasil,O
401,KLT,B-METHOD
401,menggunakan,O
401,eluen,O
401,heksan,O
401,:,O
401,etil,O
401,asetat,O
401,dan,O
401,heksan,O
401,:,O
401,aseton,O
401,dengan,O
401,perbandingan,O
401,yang,O
401,sama,O
401,"8,5",O
401,:,O
401,"1,5",O
401,menunjukan,O
401,adanya,O
401,senyawa,O
401,alkaloid,B-COMPOUND
401,",",O
401,flavonoid,B-COMPOUND
401,dan,O
401,saponin,B-COMPOUND
401,.,O
402,Pada,O
402,skrining,O
402,fitokimia,O
402,menunjukan,O
402,bahwa,O
402,ekstrak,B-TREATMENT
402,daun,B-HERB
402,kelor,I-HERB
402,memiliki,O
402,senyawa,O
402,kimia,O
402,yaitu,O
402,flavonoid,B-COMPOUND
402,",",O
402,saponin,B-COMPOUND
402,",",O
402,tanin,B-COMPOUND
402,dan,O
402,steroid,B-COMPOUND
402,.,O
403,Sediaan,O
403,serum,O
403,yang,O
403,dihasilkan,O
403,homogen,O
403,",",O
403,pH,O
403,5,O
403,-,O
403,6,O
403,",",O
403,dan,O
403,memiliki,O
403,daya,O
403,sebar,O
403,yang,O
403,baik,O
403,",",O
403,durasi,O
403,waktu,O
403,mengering,O
403,1,O
403,-,O
403,"1,36",O
403,menit,O
403,.,O
404,Hasil,O
404,dari,O
404,pengujian,O
404,hedoponik,O
404,menunjukan,O
404,bahwa,O
404,formulasi,O
404,terbaik,O
404,didapatkan,O
404,pada,O
404,F,O
404,1,O
404,dengan,O
404,penambahan,O
404,ekstrak,B-TREATMENT
404,"0,2",O
404,%,O
404,yang,O
404,memiliki,O
404,aktivitas,B-EFFECT
404,antioksidan,I-EFFECT
404,sebesar,O
404,"33,92",O
404,%,O
404,dan,O
404,nilai,O
404,IC,O
404,50,O
404,sebesar,O
404,"200,63",O
404,ppm,O
404,.,O
405,Nilai,O
405,IC,O
405,50,O
405,ini,O
405,menunjukan,O
405,bahwa,O
405,aktivitas,B-EFFECT
405,antioksidan,I-EFFECT
405,sediaan,O
405,serum,O
405,antioksidan,B-EFFECT
405,ekstrak,B-TREATMENT
405,daun,B-HERB
405,kelor,I-HERB
405,termasuk,O
405,dalam,O
405,kategori,O
405,lemah,O
405,.,O
406,Senyawa,O
406,flavonoid,B-COMPOUND
406,dalam,O
406,daun,B-HERB
406,kelor,I-HERB
406,diduga,O
406,mampu,O
406,meningkatkan,O
406,kelarutan,O
406,kalsium,O
406,batu,O
406,ginjal,B-BODY_PART
406,.,O
407,Penelitian,O
407,ini,O
407,bertujuan,O
407,untuk,O
407,membuktikan,O
407,kemampuan,O
407,ekstrak,B-TREATMENT
407,metanol,I-TREATMENT
407,(,O
407,EMDK,O
407,),O
407,dan,O
407,ekstrak,B-TREATMENT
407,etanol,I-TREATMENT
407,daun,B-HERB
407,kelor,I-HERB
407,(,O
407,EEDK,O
407,),O
407,dalam,O
407,meningkatkan,O
407,kelarutan,O
407,kalsium,O
407,batu,O
407,ginjal,B-BODY_PART
407,secara,O
407,in,B-METHOD
407,vitro,I-METHOD
407,.,O
408,Daun,B-HERB
408,kelor,I-HERB
408,diekstrak,O
408,dengan,O
408,cara,O
408,maserasi,B-METHOD
408,menggunakan,O
408,cairan,O
408,penyari,O
408,metanol,B-COMPOUND
408,dan,O
408,etanol,B-COMPOUND
408,70%,O
408,.,O
409,Kandungan,O
409,senyawa,O
409,aktif,O
409,golongan,O
409,flavonoid,B-COMPOUND
409,diidentifikasi,O
409,secara,O
409,kualitatif,O
409,dengan,O
409,KLT,B-METHOD
409,.,O
410,Serbuk,B-TREATMENT
410,batu,O
410,ginjal,B-BODY_PART
410,direndam,O
410,dalam,O
410,seri,O
410,konsentrasi,O
410,EMDK,O
410,dan,O
410,EEDK,O
410,(,O
410,2%,O
410,",",O
410,4%,O
410,",",O
410,6%,O
410,",",O
410,8%,O
410,",",O
410,dan,O
410,10%,O
410,),O
410,dan,O
410,diinkubasi,O
410,selama,O
410,6,O
410,jam,O
410,pada,O
410,suhu,O
410,37,O
410,0,O
410,C,O
410,.,O
411,Kadar,O
411,kalsium,O
411,terlarut,O
411,dianalisis,O
411,dengan,O
411,SSA,O
411,pada,O
411,panjang,O
411,gelombang,O
411,"422,7",O
411,nm,O
411,.,O
412,Hasil,O
412,penelitian,O
412,membuktikan,O
412,bahwa,O
412,EMDK,O
412,(,O
412,2,O
412,-,O
412,10,O
412,),O
412,%,O
412,dan,O
412,EEDK,O
412,(,O
412,4,O
412,-,O
412,10,O
412,),O
412,%,O
412,mampu,O
412,meningkatkan,O
412,kelarutan,O
412,kalsium,O
412,batu,O
412,ginjal,B-BODY_PART
412,secara,O
412,in,B-METHOD
412,vitro,I-METHOD
412,(,O
412,p,O
412,≤,O
412,"0,05",O
412,),O
412,.,O
413,Kelarutan,O
413,kalsium,O
413,batu,O
413,ginjal,B-BODY_PART
413,dalam,O
413,EMDK,O
413,dan,O
413,EEDK,O
413,mengikuti,O
413,pola,O
413,tergantung,O
413,konsentrasi,O
413,.,O
414,Kadar,O
414,kalsium,O
414,batu,O
414,ginjal,B-BODY_PART
414,terlarut,O
414,dalam,O
414,EMDK,O
414,dan,O
414,EEDK,O
414,berturut-turut,O
414,berkisar,O
414,antara,O
414,(,O
414,"86,27",O
414,-,O
414,"185,87",O
414,),O
414,ppm,O
414,dan,O
414,(,O
414,"95,31",O
414,-,O
414,"177,29",O
414,),O
414,ppm,O
414,.,O
415,Hasil,O
415,analisis,O
415,dengan,O
415,KLT,B-METHOD
415,membuktikan,O
415,bahwa,O
415,senyawa,O
415,aktif,O
415,golongan,O
415,flavonoid,B-COMPOUND
415,berhasil,O
415,terdentifikasi,O
415,dalam,O
415,EMDK,O
415,dan,O
415,EEDK,O
416,Latar,O
416,Belakang,O
416,:,O
416,Daun,B-HERB
416,kelor,I-HERB
416,merupakan,O
416,bahan,O
416,alam,O
416,yang,O
416,berpotensi,O
416,untuk,O
416,melindungi,O
416,kulit,B-BODY_PART
416,karena,O
416,kandungan,O
416,antioksidan,B-EFFECT
416,yang,O
416,terdapat,O
416,didalamnya,O
416,.,O
417,Pengembangan,O
417,bentuk,O
417,sediaan,O
417,dalam,O
417,bentuk,O
417,krim,O
417,antiaging,O
417,diperlukan,O
417,agar,O
417,dapat,O
417,dimanfaatkan,O
417,oleh,O
417,masyarakat,B-POPULATION
417,.,O
418,Tujuan,O
418,:,O
418,Mengetahui,O
418,konsentrasi,O
418,ekstrak,B-TREATMENT
418,daun,B-HERB
418,kelor,I-HERB
418,yang,O
418,dapat,O
418,memberikan,O
418,kemampuan,O
418,antiaging,O
418,yang,O
418,baik,O
418,.,O
419,Metode,O
419,:,O
419,Ekstrak,B-TREATMENT
419,daun,B-HERB
419,kelor,I-HERB
419,diperoleh,O
419,dengan,O
419,metode,O
419,maserasi,B-METHOD
419,dengan,O
419,pelarut,O
419,etanol,B-COMPOUND
419,70%,O
419,.,O
420,Ekstrak,B-TREATMENT
420,kemudian,O
420,diformulasikan,O
420,dalam,O
420,bentuk,O
420,sediaan,O
420,krim,O
420,antiaging,O
420,dengan,O
420,variasi,O
420,konsentrasi,O
420,yaitu,O
420,formula,O
420,I,O
420,(,O
420,0%,O
420,),O
420,",",O
420,formula,O
420,II,O
420,(,O
420,3%,O
420,),O
420,",",O
420,formula,O
420,III,O
420,(,O
420,6%,O
420,),O
420,dan,O
420,formula,O
420,IV,O
420,(,O
420,9%,O
420,),O
420,.,O
421,Krim,O
421,dievaluasi,O
421,dengan,O
421,parameter,O
421,moisture,O
421,",",O
421,evenness,O
421,",",O
421,pore,O
421,",",O
421,spot,O
421,",",O
421,wrinkle,O
421,pada,O
421,probandus,O
421,manusia,B-POPULATION
421,yang,O
421,telah,O
421,menggunakan,O
421,krim,O
421,selama,O
421,14,O
421,hari,O
421,.,O
422,Hasil,O
422,:,O
422,Uji,O
422,menunjukkan,O
422,bahwa,O
422,peningkatan,O
422,konsentrasi,O
422,ekstrak,B-TREATMENT
422,daun,B-HERB
422,kelor,I-HERB
422,menyebabkan,O
422,penurunan,O
422,evenness,O
422,(,O
422,p,O
423,Tanaman,O
423,Kumis,B-HERB
423,Kucing,I-HERB
423,merupakan,O
423,salah,O
423,satu,O
423,tanaman,O
423,yang,O
423,memiliki,O
423,banyak,O
423,keuntungan,O
423,dan,O
423,sudah,O
423,digunakan,O
423,sejak,O
423,dahulu,O
423,dalam,O
423,upaya,O
423,menjaga,O
423,kesehatan,O
423,.,O
424,Tujuan,O
424,dari,O
424,penelitian,O
424,ini,O
424,adalah,O
424,mengevaluasi,O
424,aktivitas,O
424,diuretik,O
424,dari,O
424,penggunaan,O
424,ekstrak,B-TREATMENT
424,Kumis,B-HERB
424,Kucing,I-HERB
424,dan,O
424,mengukur,O
424,kadar,O
424,kalium,O
424,dan,O
424,natrium,O
424,dalam,O
424,urin,O
424,.,O
425,Sebanyak,O
425,24,O
425,ekor,O
425,tikus,B-POPULATION
425,dibagi,O
425,menjadi,O
425,empat,O
425,grup,O
425,;,O
425,kontrol,O
425,negatif,O
425,(,O
425,akuades,O
425,),O
425,",",O
425,kontrol,O
425,positif,O
425,(,O
425,furosemide,O
425,),O
425,",",O
425,dosis,O
425,ekstrak,B-TREATMENT
425,1,O
425,(,O
425,250,O
425,mg,O
425,/,O
425,kg,O
425,BB,O
425,),O
425,dan,O
425,dosis,O
425,ekstrak,B-TREATMENT
425,2,O
425,(,O
425,500,O
425,mg,O
425,/,O
425,kg,O
425,BB,O
425,),O
425,.,O
426,Ekstrak,B-TREATMENT
426,diberikan,O
426,secara,O
426,peroral,O
426,selama,O
426,7,O
426,hari,O
426,.,O
427,Aktivitas,O
427,diuretik,O
427,pada,O
427,kelompok,O
427,ekstrak,B-TREATMENT
427,dan,O
427,kontrol,O
427,positif,O
427,pada,O
427,jam,O
427,pertama,O
427,(,O
427,P,O
427,>,O
427,0,O
427,.,O
428,05,O
428,),O
428,dan,O
428,jam,O
428,keenam,O
428,(,O
428,P,O
429,Orthosiphon,B-HERB
429,stamineus,I-HERB
429,B,O
429,(,O
429,Indonesia,O
429,:,O
429,Kumis,B-HERB
429,Kucing,I-HERB
429,),O
429,merupakan,O
429,salah,O
429,satu,O
429,tumbuhan,O
429,sangat,O
429,popular,O
429,sebagai,O
429,sumber,O
429,pengobatan,O
429,herbal,O
429,",",O
429,pada,O
429,umumnya,O
429,dikumpulkan,O
429,dari,O
429,pulau,O
429,Jawa,O
429,.,O
430,Aktivitas,O
430,biologis,O
430,",",O
430,terutama,O
430,akivitas,O
430,antioksidan,B-EFFECT
430,yang,O
430,ditunjukkan,O
430,oleh,O
430,tanaman,O
430,ini,O
430,diduga,O
430,disebabkan,O
430,olehsenyawa,O
430,golongan,O
430,fenolat,O
430,",",O
430,khususnya,O
430,senyawa,O
430,flavonoid,B-COMPOUND
430,.,O
431,Oleh,O
431,sebab,O
431,itu,O
431,",",O
431,penelitian,O
431,ini,O
431,bertujuan,O
431,menentukan,O
431,total,O
431,fenolat,O
431,",",O
431,total,O
431,flavonoid,B-COMPOUND
431,dan,O
431,aktivitas,B-EFFECT
431,antioksidan,I-EFFECT
431,dari,O
431,ekstrak,B-TREATMENT
431,metanol,I-TREATMENT
431,beserta,O
431,fraksi,O
431,fraksinya,O
431,dari,O
431,tanaman,O
431,kumis,B-HERB
431,kucing,I-HERB
431,yang,O
431,tumbuh,O
431,di,O
431,Indonesia,O
431,",",O
431,khususnya,O
431,di,O
431,daerah,O
431,Bandungan,O
431,",",O
431,Kabupaten,O
431,Semarang,O
431,",",O
431,Provinsi,O
431,Jawa,O
431,Tengah,O
431,",",O
431,perlu,O
431,dilakukan,O
431,.,O
432,Secara,O
432,garis,O
432,besar,O
432,",",O
432,penelitian,O
432,dibagi,O
432,menjadi,O
432,empat,O
432,tahap,O
432,",",O
432,yakni,O
432,perolehan,O
432,total,O
432,ekstrak,B-TREATMENT
432,metanol,I-TREATMENT
432,",",O
432,diikuti,O
432,dengan,O
432,tahap,O
432,fraksinasi,O
432,melalui,O
432,gradien,O
432,pelarut,O
432,",",O
432,kemudian,O
432,analisis,O
432,total,O
432,fenolat,O
432,dan,O
432,flavonoid,B-COMPOUND
432,",",O
432,dan,O
432,diakhiri,O
432,dengan,O
432,analisis,O
432,aktivitas,B-EFFECT
432,antioksidan,I-EFFECT
432,terhadap,O
432,tiap-tiap,O
432,ekstrak,B-TREATMENT
432,.,O
433,Analisis,O
433,total,O
433,fenolat,O
433,dilakukan,O
433,dengan,O
433,metode,O
433,Folin-Ciocalteu,O
433,",",O
433,analisis,O
433,flavonoid,B-COMPOUND
433,dilakukan,O
433,berdasarkan,O
433,cara,O
433,kerja,O
433,Rohman,O
433,",",O
433,dan,O
433,aktivitas,B-EFFECT
433,antioksidan,I-EFFECT
433,ditentukan,O
433,dengan,O
433,metode,O
433,peredaman,O
433,radikal,O
433,DPPH,B-METHOD
433,.,O
433,.,O
434,Hasil,O
434,penelitian,O
434,menunjukkan,O
434,bahwa,O
434,kandungan,O
434,total,O
434,fenolat,O
434,dan,O
434,flavonoid,B-COMPOUND
434,terbesar,O
434,berada,O
434,dalam,O
434,ekstrak,B-TREATMENT
434,etil,O
434,asetat,O
434,berturut-turut,O
434,sebesar,O
434,559,O
434,mg,O
434,asam,O
434,galat,O
434,ekuivalen,O
434,/,O
434,g,O
434,ekstrak,B-TREATMENT
434,dan,O
434,3550,O
434,mg,O
434,kuersetin,B-COMPOUND
434,ekuivalen,O
434,/,O
434,g,O
434,ekstrak,B-TREATMENT
434,.,O
435,Aktivitas,B-EFFECT
435,antioksidan,I-EFFECT
435,tertinggi,O
435,juga,O
435,dimiliki,O
435,oleh,O
435,ekstrak,B-TREATMENT
435,etil,O
435,asetat,O
435,dengan,O
435,nilai,O
435,EC,O
435,50,O
435,sebesar,O
435,"51,02",O
435,g,O
435,/,O
435,mL,O
435,.,O
436,Nilai,O
436,aktivitas,B-EFFECT
436,antioksidan,I-EFFECT
436,yang,O
436,ditunjukkan,O
436,oleh,O
436,semua,O
436,fraksi,O
436,dalam,O
436,daun,B-HERB
436,kumis,I-HERB
436,kucing,I-HERB
436,sangat,O
436,memungkinkan,O
436,bahan,O
436,ini,O
436,dapat,O
436,digunakan,O
436,sebagai,O
436,sumber,O
436,antioksidan,B-EFFECT
436,.,O
437,Kumis,B-HERB
437,kucing,I-HERB
437,(,O
437,Orthosiphon,B-HERB
437,aristatus,I-HERB
437,),O
437,merupakan,O
437,salah,O
437,satu,O
437,tanaman,O
437,obat,B-TREATMENT
437,tradisional,I-TREATMENT
437,.,O
438,Daun,B-HERB
438,kumis,I-HERB
438,kucing,I-HERB
438,memiliki,O
438,kandungan,O
438,senyawa,O
438,alkaloid,B-COMPOUND
438,",",O
438,saponin,B-COMPOUND
438,",",O
438,streroid,O
438,",",O
438,triterpenoid,B-COMPOUND
438,",",O
438,dan,O
438,fenolik,B-COMPOUND
438,yang,O
438,dipercaya,O
438,memiliki,O
438,kemampuan,O
438,sebagai,O
438,antibakteri,B-EFFECT
438,.,O
439,Proteus,O
439,mirabilis,O
439,dan,O
439,Staphylococcus,O
439,saprophyticus,O
439,merupakan,O
439,bakteri,O
439,yang,O
439,dapat,O
439,menyebabkan,O
439,infeksi,B-DISEASE
439,saluran,B-BODY_PART
439,kemih,I-BODY_PART
439,.,O
440,Tujuan,O
440,penelitian,O
440,ini,O
440,yaitu,O
440,untuk,O
440,mengetahui,O
440,konsentrasi,O
440,optimum,O
440,ekstrak,B-TREATMENT
440,daun,B-HERB
440,kumis,I-HERB
440,kucing,I-HERB
440,terhadap,O
440,Proteus,O
440,mirabilis,O
440,dan,O
440,Staphylococcus,O
440,saprophyticus,O
440,.,O
441,Penelitian,O
441,ini,O
441,merupakan,O
441,penelitian,B-METHOD
441,eksperimental,I-METHOD
441,dan,O
441,dilakukan,O
441,di,O
441,laboratorium,O
441,Bakteriologi,O
441,Universitas,O
441,Muhammadiyah,O
441,Sidoarjo,O
441,.,O
442,Pengujian,O
442,aktivitas,B-EFFECT
442,antibakteri,I-EFFECT
442,ekstrak,B-TREATMENT
442,daun,B-HERB
442,kumis,I-HERB
442,kucing,I-HERB
442,menggunakan,O
442,difusi,B-METHOD
442,cakram,I-METHOD
442,dalam,O
442,variasi,O
442,konsentrasi,O
442,25%,O
442,",",O
442,50%,O
442,",",O
442,75%,O
442,",",O
442,100%,O
442,.,O
443,Pengujian,O
443,ini,O
443,dilakukan,O
443,3,O
443,kali,O
443,pengulangan,O
443,.,O
444,Pengukuran,O
444,diameter,O
444,zona,O
444,hambat,O
444,diukur,O
444,menggunakan,O
444,jangka,O
444,sorong,O
444,.,O
445,Data,O
445,yang,O
445,diperoleh,O
445,diuji,O
445,statistik,O
445,Anova,B-METHOD
445,dengan,O
445,taraf,O
445,signifikan,O
445,"0,05",O
445,(,O
445,5%,O
445,),O
445,.,O
446,Hasil,O
446,penelitian,O
446,menunjukkan,O
446,bahwa,O
446,ekstrak,B-TREATMENT
446,daun,B-HERB
446,kumis,I-HERB
446,kucing,I-HERB
446,(,O
446,Orthosiph,O
446,aristatuson,O
446,),O
446,pada,O
446,konsentrasi,O
446,25%,O
446,",",O
446,50%,O
446,",",O
446,75%,O
446,",",O
446,100%,O
446,berpengaruh,O
446,nyata,O
446,terhadap,O
446,bakteri,O
446,Proteus,O
446,mirabilis,O
446,dengan,O
446,rata-rata,O
446,sebesar,O
446,"6,22",O
446,mm,O
446,",",O
446,"9,36",O
446,mm,O
446,",",O
446,"15,55",O
446,mm,O
446,",",O
446,"21,22",O
446,mm,O
446,dan,O
446,Staphylococcus,O
446,saprophyticus,O
446,dengan,O
446,rata-rata,O
446,sebesar,O
446,"5,4",O
446,mm,O
446,;,O
446,"8,8",O
446,mm,O
446,;,O
446,"14,53",O
446,mm,O
446,;,O
446,"20,71",O
446,mm,O
446,.,O
447,Jerawat,B-DISEASE
447,ialah,O
447,masalah,O
447,kesehatan,O
447,kulit,B-BODY_PART
447,yang,O
447,kerap,O
447,dialami,O
447,oleh,O
447,masyarakat,B-POPULATION
447,",",O
447,dapat,O
447,diakibatkan,O
447,dari,O
447,adanya,O
447,infeksi,B-DISEASE
447,Propionibacterium,O
447,acnes,O
447,.,O
448,Penelitian,O
448,pendukung,O
448,terdahulu,O
448,membuktikan,O
448,bahwa,O
448,ekstrak,B-TREATMENT
448,etanol,I-TREATMENT
448,daun,B-HERB
448,kumis,I-HERB
448,kucing,I-HERB
448,(,O
448,Orthosiphon,B-HERB
448,aristatus,I-HERB
448,(,O
448,Blume,O
448,),O
448,Miq,O
448,.,O
448,),O
448,mengandung,O
448,zat,O
448,metabolit,O
448,sekunder,O
448,yang,O
448,memiliki,O
448,peran,O
448,sebagai,O
448,antibakteri,B-EFFECT
448,seperti,O
448,alkaloid,B-COMPOUND
448,",",O
448,saponin,B-COMPOUND
448,",",O
448,terpenoid,B-COMPOUND
448,",",O
448,flavonoid,B-COMPOUND
448,",",O
448,dan,O
448,tanin,B-COMPOUND
448,.,O
449,Tujuan,O
449,dari,O
449,penelitian,O
449,ini,O
449,yaitu,O
449,untuk,O
449,mengetahui,O
449,kemampuan,O
449,antibakteri,B-EFFECT
449,ekstrak,B-TREATMENT
449,daun,B-HERB
449,kumis,I-HERB
449,kucing,I-HERB
449,terhadap,O
449,Propionibacterium,O
449,acnes,O
449,menggunakan,O
449,etanol,B-COMPOUND
449,96%,O
449,dan,O
449,n-heksana,B-COMPOUND
449,.,O
450,Metode,B-METHOD
450,ekstraksi,I-METHOD
450,yang,O
450,dipakai,O
450,yaitu,O
450,maserasi,B-METHOD
450,",",O
450,serta,O
450,menggunakan,O
450,metode,O
450,difusi,B-METHOD
450,cakram,I-METHOD
450,yang,O
450,dilakukan,O
450,3,O
450,kali,O
450,pengulangan,O
450,untuk,O
450,pengujian,O
450,aktivitas,B-EFFECT
450,antibakteri,I-EFFECT
450,dengan,O
450,berbagai,O
450,konsentrasi,O
450,yaitu,O
450,10%,O
450,",",O
450,20%,O
450,",",O
450,40%,O
450,",",O
450,60%,O
450,",",O
450,80%,O
450,",",O
450,kontrol,O
450,positif,O
450,klindamisin,O
450,"0,1%",O
450,",",O
450,dan,O
450,kontrol,O
450,negatif,O
450,n-heksana,B-COMPOUND
450,dan,O
450,etanol,B-COMPOUND
450,96%,O
450,.,O
451,Penelitian,O
451,ini,O
451,menunjukkan,O
451,bahwa,O
451,ekstrak,B-TREATMENT
451,etanol,I-TREATMENT
451,96%,O
451,daun,B-HERB
451,kumis,I-HERB
451,kucing,I-HERB
451,pada,O
451,konsentrasi,O
451,10%,O
451,",",O
451,20%,O
451,",",O
451,40%,O
451,",",O
451,60%,O
451,",",O
451,80%,O
451,terhadap,O
451,Propionibacterium,O
451,acnes,O
451,memperoleh,O
451,rata-rata,O
451,sebesar,O
451,"3,76",O
451,mm,O
451,",",O
451,"5,88",O
451,mm,O
451,",",O
451,"10,71",O
451,mm,O
451,",",O
451,12,O
451,.,O
452,08,O
452,mm,O
452,",",O
452,"17,36",O
452,mm,O
452,dan,O
452,ekstrak,B-TREATMENT
452,n-heksana,I-TREATMENT
452,dengan,O
452,rata-rata,O
452,sebesar,O
452,"3,68",O
452,mm,O
452,",",O
452,"5,30",O
452,mm,O
452,",",O
452,"7,75",O
452,mm,O
452,",",O
452,12,O
452,.,O
453,03,O
453,mm,O
453,",",O
453,"17,21",O
453,mm,O
453,.,O
454,Kesimpulan,O
454,yang,O
454,dapat,O
454,diambil,O
454,bahwa,O
454,ekstrak,B-TREATMENT
454,etanol,I-TREATMENT
454,96%,O
454,dan,O
454,n-heksana,B-COMPOUND
454,daun,B-HERB
454,kumis,I-HERB
454,kucing,I-HERB
454,memiliki,O
454,kemampuan,O
454,antibakteri,B-EFFECT
454,dalam,O
454,menghambat,B-EFFECT
454,pertumbuhan,I-EFFECT
454,Propionibacterium,O
454,acnes,O
454,dengan,O
454,konsentrasi,O
454,terbaik,O
454,yaitu,O
454,80%,O
454,.,O
455,Penelitian,O
455,ini,O
455,bertujuan,O
455,untuk,O
455,memformulasikan,O
455,sediaan,B-TREATMENT
455,gel,I-TREATMENT
455,hand,O
455,sanitizerberbasis,O
455,ekstrak,B-TREATMENT
455,etanol,I-TREATMENT
455,daun,B-HERB
455,kumis,I-HERB
455,kucing,I-HERB
455,serta,O
455,mengevaluasi,O
455,aktivitas,O
455,antibakterinya,O
455,terhadap,O
455,Staphylococcus,O
455,aureus,O
455,.,O
456,Penelitian,O
456,ini,O
456,merupakan,O
456,studi,O
456,eksperimental,B-METHOD
456,laboratorium,O
456,secara,O
456,in,B-METHOD
456,vitro,I-METHOD
456,.,O
457,Sampel,O
457,penelitian,O
457,berupa,O
457,ekstrak,B-TREATMENT
457,etanol,I-TREATMENT
457,daun,B-HERB
457,kumis,I-HERB
457,kucing,I-HERB
457,yang,O
457,berasaldari,O
457,Kabupaten,O
457,Mandailing,O
457,Natal,O
457,dan,O
457,diformulasikan,O
457,ke,O
457,dalam,O
457,sediaan,B-TREATMENT
457,gel,I-TREATMENT
457,dengan,O
457,konsentrasi,O
457,"7,5%",O
457,dan,O
457,"12,5%",O
457,.,O
458,Variabel,O
458,independen,O
458,adalah,O
458,konsentrasi,O
458,ekstrak,B-TREATMENT
458,dalam,O
458,formulasi,O
458,gel,B-TREATMENT
458,",",O
458,sedangkan,O
458,variabel,O
458,dependen,O
458,meliputi,O
458,karakteristik,O
458,fisik,O
458,sediaan,O
458,dan,O
458,aktivitas,B-EFFECT
458,antibakteri,I-EFFECT
458,.,O
459,Evaluasi,O
459,dilakukan,O
459,melalui,O
459,uji,O
459,organoleptik,O
459,",",O
459,homogenitas,O
459,",",O
459,pH,O
459,",",O
459,daya,O
459,sebar,O
459,",",O
459,serta,O
459,uji,O
459,aktivitas,B-EFFECT
459,antibakteri,I-EFFECT
459,menggunakan,O
459,metode,O
459,difusi,B-METHOD
459,cakram,I-METHOD
459,.,O
460,Hasil,O
460,penelitian,O
460,menunjukkan,O
460,bahwa,O
460,ekstrak,B-TREATMENT
460,etanol,I-TREATMENT
460,daun,B-HERB
460,kumis,I-HERB
460,kucing,I-HERB
460,mengandung,O
460,senyawa,O
460,fenolik,B-COMPOUND
460,",",O
460,alkaloid,B-COMPOUND
460,",",O
460,flavonoid,B-COMPOUND
460,",",O
460,steroid,B-COMPOUND
460,",",O
460,tanin,B-COMPOUND
460,",",O
460,dan,O
460,saponin,B-COMPOUND
460,.,O
461,Formulasi,O
461,gel,B-TREATMENT
461,dengan,O
461,konsentrasi,O
461,"7,5%",O
461,menghasilkan,O
461,zona,O
461,hambat,O
461,sebesar,O
461,"7,41",O
461,-,O
461,"10,27",O
461,mm,O
461,terhadap,O
461,Staphylococcus,O
461,aureus,O
461,",",O
461,sedangkan,O
461,konsentrasi,O
461,"12,5%",O
461,tidak,O
461,menunjukkan,O
461,zona,O
461,hambat,O
461,.,O
462,Seluruh,O
462,formulasi,O
462,memenuhi,O
462,persyaratan,O
462,mutu,O
462,fisik,O
462,sediaan,B-TREATMENT
462,gel,I-TREATMENT
462,",",O
462,kecuali,O
462,pada,O
462,parameter,O
462,daya,O
462,sebar,O
462,.,O
463,Kesimpulan,O
463,penelitian,O
463,ini,O
463,menunjukkan,O
463,bahwa,O
463,gel,B-TREATMENT
463,hand,O
463,sanitizer,O
463,dengan,O
463,ekstrak,B-TREATMENT
463,etanol,I-TREATMENT
463,daun,B-HERB
463,kumis,I-HERB
463,kucing,I-HERB
463,konsentrasi,O
463,"7,5%",O
463,memiliki,O
463,aktivitas,B-EFFECT
463,antibakteri,I-EFFECT
463,lemah,O
463,terhadap,O
463,Staphylococcus,O
463,aureus,O
463,dan,O
463,berpotensi,O
463,dikembangkan,O
463,sebagai,O
463,pembersih,O
463,tangan,O
463,berbahan,O
463,alami,O
463,.,O
